order_id,customer_id,order_date,product_id,product_name,category,quantity,price,payment_method,status
ORD00001,CUST0044,2024-04-02,PROD0098,Microwave,Home Appliances,1,955.32,PayPal,Pending
ORD00002,CUST0052,2024-01-25,PROD0181,Pen,Stationery,1,682.6,Credit Card,Returned
ORD00003,CUST0067,2025-06-24,PROD0075,Novel,Books,4,202.08,Credit Card,Returned
ORD00004,CUST0025,2024-02-12,PROD0090,Blender,Home Appliances,2,471.09,UPI,Pending
ORD00005,CUST0074,2023-12-20,PROD0193,Refrigerator,Home Appliances,2,119.28,Credit Card,Cancelled
ORD00006,CUST0027,2023-03-02,PROD0113,Notebook,Stationery,4,446.94,UPI,Cancelled
ORD00007,CUST0120,2024-11-29,PROD0125,Microwave,Home Appliances,1,694.65,UPI,Delivered
ORD00008,CUST0172,2023-07-01,PROD0123,Jeans,Fashion,3,590.3,Credit Card,Returned
ORD00009,CUST0116,2023-11-29,PROD0064,Novel,Books,1,299.01,Cash on Delivery,Shipped
ORD00010,CUST0004,2024-12-24,PROD0161,Sneakers,Fashion,1,621.51,UPI,Delivered
ORD00011,CUST0154,2024-09-12,PROD0111,Laptop,Electronics,1,765.12,UPI,Shipped
ORD00012,CUST0191,2025-01-16,PROD0059,T-shirt,Fashion,1,537.19,Credit Card,Shipped
ORD00013,CUST0151,2024-11-17,PROD0046,Microwave,Home Appliances,1,516.04,PayPal,Returned
ORD00014,CUST0111,2023-08-25,PROD0087,T-shirt,Fashion,4,552.05,Debit Card,Pending
ORD00015,CUST0090,2023-03-29,PROD0140,Jeans,Fashion,4,770.67,PayPal,Delivered
ORD00016,CUST0114,2023-01-07,PROD0136,Microwave,Home Appliances,5,878.25,Cash on Delivery,Cancelled
ORD00017,CUST0053,2023-03-11,PROD0193,Pen,Stationery,5,218.02,Cash on Delivery,Cancelled
ORD00018,CUST0148,2024-06-06,PROD0009,T-shirt,Fashion,3,784.93,Credit Card,Delivered
ORD00019,CUST0044,2023-04-02,PROD0032,Notebook,Stationery,3,403.94,Cash on Delivery,Pending
ORD00020,CUST0191,2023-12-12,PROD0152,Smartphone,Electronics,2,976.42,PayPal,Delivered
ORD00021,CUST0119,2025-07-27,PROD0021,T-shirt,Fashion,3,299.13,PayPal,Shipped
ORD00022,CUST0071,2025-03-27,PROD0193,Microwave,Home Appliances,2,257.54,Debit Card,Pending
ORD00023,CUST0126,2024-11-08,PROD0181,Microwave,Home Appliances,2,827.05,Debit Card,Pending
ORD00024,CUST0066,2024-10-06,PROD0170,Refrigerator,Home Appliances,3,125.46,Credit Card,Cancelled
ORD00025,CUST0132,2025-05-23,PROD0181,Novel,Books,5,400.4,Cash on Delivery,Cancelled
ORD00026,CUST0057,2025-02-14,PROD0148,Notebook,Stationery,2,944.34,UPI,Shipped
ORD00027,CUST0086,2024-10-03,PROD0012,T-shirt,Fashion,4,560.43,UPI,Shipped
ORD00028,CUST0114,2024-12-29,PROD0018,Microwave,Home Appliances,5,331.25,Credit Card,Pending
ORD00029,CUST0039,2025-01-26,PROD0015,Sneakers,Fashion,3,329.71,UPI,Shipped
ORD00030,CUST0111,2024-06-02,PROD0128,Notebook,Stationery,3,909.05,UPI,Cancelled
ORD00031,CUST0063,2025-02-04,PROD0051,Headphones,Electronics,3,637.08,PayPal,Pending
ORD00032,CUST0093,2025-01-08,PROD0026,Sneakers,Fashion,4,754.99,PayPal,Pending
ORD00033,CUST0183,2023-06-08,PROD0121,Jeans,Fashion,5,745.86,Debit Card,Shipped
ORD00034,CUST0097,2023-09-16,PROD0022,Refrigerator,Home Appliances,2,15.93,Cash on Delivery,Returned
ORD00035,CUST0213,2024-08-12,PROD0015,Laptop,Electronics,3,91.43,Debit Card,Returned
ORD00036,CUST0229,2024-12-12,PROD0199,Jeans,Fashion,4,620.68,UPI,Delivered
ORD00037,CUST0008,2025-04-18,PROD0184,Microwave,Home Appliances,4,297.82,Credit Card,Pending
ORD00038,CUST0035,2025-02-17,PROD0172,Jeans,Fashion,5,978.18,Cash on Delivery,Cancelled
ORD00039,CUST0169,2023-09-06,PROD0112,T-shirt,Fashion,3,915.65,PayPal,Delivered
ORD00040,CUST0075,2024-11-10,PROD0163,Notebook,Stationery,1,953.12,Cash on Delivery,Shipped
ORD00041,CUST0124,2025-06-08,PROD0095,Notebook,Stationery,3,888.4,UPI,Pending
ORD00042,CUST0070,2023-11-17,PROD0006,Blender,Home Appliances,2,969.3,Credit Card,Delivered
ORD00043,CUST0295,2024-04-27,PROD0164,Jeans,Fashion,5,734.83,Credit Card,Pending
ORD00044,CUST0298,2024-11-03,PROD0044,Sneakers,Fashion,1,754.86,PayPal,Shipped
ORD00045,CUST0095,2024-02-24,PROD0136,Pen,Stationery,2,487.1,Debit Card,Shipped
ORD00046,CUST0123,2025-06-18,PROD0059,Microwave,Home Appliances,2,958.51,Credit Card,Pending
ORD00047,CUST0214,2024-02-19,PROD0016,Sneakers,Fashion,4,459.04,Credit Card,Delivered
ORD00048,CUST0251,2023-02-16,PROD0020,Blender,Home Appliances,3,864.21,Debit Card,Pending
ORD00049,CUST0109,2023-11-07,PROD0169,Pen,Stationery,4,228.99,Debit Card,Cancelled
ORD00050,CUST0144,2023-12-18,PROD0159,Headphones,Electronics,3,783.53,Credit Card,Pending
ORD00051,CUST0281,2023-07-16,PROD0113,Refrigerator,Home Appliances,1,269.6,PayPal,Cancelled
ORD00052,CUST0213,2025-02-20,PROD0083,Headphones,Electronics,3,692.37,UPI,Returned
ORD00053,CUST0082,2023-10-15,PROD0076,Refrigerator,Home Appliances,4,966.76,PayPal,Shipped
ORD00054,CUST0089,2023-02-10,PROD0045,Laptop,Electronics,3,460.78,PayPal,Cancelled
ORD00055,CUST0008,2024-11-30,PROD0179,Sneakers,Fashion,1,399.75,PayPal,Cancelled
ORD00056,CUST0239,2023-02-20,PROD0055,Jeans,Fashion,4,125.69,PayPal,Shipped
ORD00057,CUST0103,2025-06-19,PROD0015,Microwave,Home Appliances,2,177.83,UPI,Shipped
ORD00058,CUST0002,2023-01-11,PROD0086,Pen,Stationery,1,193.97,Credit Card,Cancelled
ORD00059,CUST0227,2024-06-03,PROD0188,Sneakers,Fashion,2,277.88,Debit Card,Returned
ORD00060,CUST0200,2023-08-07,PROD0050,Smartphone,Electronics,2,315.29,Debit Card,Delivered
ORD00061,CUST0251,2025-04-03,PROD0174,Refrigerator,Home Appliances,5,515.01,UPI,Delivered
ORD00062,CUST0024,2025-03-29,PROD0045,Refrigerator,Home Appliances,4,318.03,UPI,Delivered
ORD00063,CUST0126,2023-01-07,PROD0065,Microwave,Home Appliances,5,655.48,Credit Card,Shipped
ORD00064,CUST0074,2024-06-21,PROD0121,Microwave,Home Appliances,3,801.07,Credit Card,Cancelled
ORD00065,CUST0150,2024-05-21,PROD0195,Sneakers,Fashion,3,225.89,Cash on Delivery,Returned
ORD00066,CUST0245,2025-05-21,PROD0033,Pen,Stationery,3,291.73,Debit Card,Delivered
ORD00067,CUST0241,2024-06-23,PROD0139,Sneakers,Fashion,3,617.5,Credit Card,Cancelled
ORD00068,CUST0134,2023-12-28,PROD0178,T-shirt,Fashion,1,946.65,Cash on Delivery,Shipped
ORD00069,CUST0061,2023-04-01,PROD0119,Pen,Stationery,3,190.21,PayPal,Cancelled
ORD00070,CUST0224,2025-04-18,PROD0151,Smartphone,Electronics,4,453.25,UPI,Shipped
ORD00071,CUST0177,2023-08-02,PROD0189,Sneakers,Fashion,4,318.22,UPI,Delivered
ORD00072,CUST0153,2024-11-17,PROD0138,Pen,Stationery,5,701.74,UPI,Returned
ORD00073,CUST0215,2023-06-01,PROD0147,Pen,Stationery,2,864.62,PayPal,Returned
ORD00074,CUST0275,2023-04-19,PROD0119,Blender,Home Appliances,1,573.49,UPI,Returned
ORD00075,CUST0108,2023-11-30,PROD0170,T-shirt,Fashion,1,589.52,Cash on Delivery,Pending
ORD00076,CUST0197,2025-06-21,PROD0029,Notebook,Stationery,3,632.52,UPI,Shipped
ORD00077,CUST0030,2023-07-26,PROD0136,T-shirt,Fashion,1,613.55,Cash on Delivery,Delivered
ORD00078,CUST0170,2024-11-24,PROD0069,Smartphone,Electronics,4,236.43,Debit Card,Returned
ORD00079,CUST0286,2024-01-22,PROD0124,Sneakers,Fashion,1,904.71,Credit Card,Delivered
ORD00080,CUST0175,2024-11-15,PROD0197,Jeans,Fashion,2,300.07,Cash on Delivery,Returned
ORD00081,CUST0225,2024-11-04,PROD0156,Blender,Home Appliances,5,701.77,Debit Card,Cancelled
ORD00082,CUST0152,2023-10-14,PROD0073,Notebook,Stationery,1,877.53,Cash on Delivery,Returned
ORD00083,CUST0017,2025-07-09,PROD0077,Refrigerator,Home Appliances,4,38.46,Debit Card,Delivered
ORD00084,CUST0291,2023-07-28,PROD0109,Laptop,Electronics,4,794.35,UPI,Pending
ORD00085,CUST0187,2024-12-23,PROD0142,Refrigerator,Home Appliances,5,254.24,UPI,Delivered
ORD00086,CUST0024,2025-07-22,PROD0022,Smartphone,Electronics,2,883.33,Cash on Delivery,Delivered
ORD00087,CUST0288,2023-05-07,PROD0032,Jeans,Fashion,1,979.85,Debit Card,Shipped
ORD00088,CUST0102,2023-12-11,PROD0041,Notebook,Stationery,1,437.97,Cash on Delivery,Returned
ORD00089,CUST0236,2024-04-26,PROD0183,Headphones,Electronics,1,90.42,Cash on Delivery,Delivered
ORD00090,CUST0259,2025-03-13,PROD0122,Refrigerator,Home Appliances,1,898.01,PayPal,Shipped
ORD00091,CUST0034,2023-06-27,PROD0129,Jeans,Fashion,3,419.2,Cash on Delivery,Returned
ORD00092,CUST0127,2025-03-23,PROD0028,T-shirt,Fashion,1,14.11,Debit Card,Returned
ORD00093,CUST0107,2024-01-09,PROD0124,Pen,Stationery,4,890.71,Debit Card,Cancelled
ORD00094,CUST0226,2023-02-22,PROD0071,T-shirt,Fashion,4,921.41,Debit Card,Shipped
ORD00095,CUST0097,2025-04-15,PROD0066,Headphones,Electronics,4,753.58,UPI,Shipped
ORD00096,CUST0282,2024-05-10,PROD0072,Refrigerator,Home Appliances,1,356.8,Credit Card,Cancelled
ORD00097,CUST0229,2023-03-18,PROD0004,Laptop,Electronics,3,544.29,Credit Card,Shipped
ORD00098,CUST0037,2023-08-23,PROD0111,Pen,Stationery,2,377.9,Cash on Delivery,Pending
ORD00099,CUST0115,2023-03-26,PROD0047,Notebook,Stationery,5,385.82,PayPal,Returned
ORD00100,CUST0278,2023-02-23,PROD0007,Smartphone,Electronics,5,817.95,PayPal,Cancelled
ORD00101,CUST0035,2023-04-27,PROD0051,Novel,Books,3,417.86,Credit Card,Pending
ORD00102,CUST0008,2025-01-12,PROD0139,T-shirt,Fashion,4,397.6,Cash on Delivery,Returned
ORD00103,CUST0179,2023-11-15,PROD0134,Laptop,Electronics,5,487.13,Credit Card,Cancelled
ORD00104,CUST0125,2023-03-28,PROD0083,Blender,Home Appliances,2,499.78,Cash on Delivery,Delivered
ORD00105,CUST0290,2023-04-19,PROD0047,Novel,Books,4,729.03,Cash on Delivery,Returned
ORD00106,CUST0133,2024-10-17,PROD0093,T-shirt,Fashion,3,167.87,Credit Card,Pending
ORD00107,CUST0088,2023-06-25,PROD0126,Smartphone,Electronics,1,584.42,UPI,Shipped
ORD00108,CUST0166,2025-07-28,PROD0073,Refrigerator,Home Appliances,4,854.99,UPI,Returned
ORD00109,CUST0102,2025-03-15,PROD0120,Headphones,Electronics,1,563.21,PayPal,Pending
ORD00110,CUST0062,2024-08-10,PROD0119,Laptop,Electronics,4,400.86,Credit Card,Shipped
ORD00111,CUST0159,2023-02-28,PROD0120,Novel,Books,4,756.65,PayPal,Cancelled
ORD00112,CUST0119,2024-09-04,PROD0101,Jeans,Fashion,4,319.96,PayPal,Returned
ORD00113,CUST0086,2023-05-08,PROD0027,Pen,Stationery,1,308.0,UPI,Returned
ORD00114,CUST0225,2023-07-06,PROD0118,Jeans,Fashion,1,734.79,Debit Card,Delivered
ORD00115,CUST0276,2023-07-06,PROD0118,Novel,Books,2,812.64,UPI,Shipped
ORD00116,CUST0249,2024-11-23,PROD0076,Refrigerator,Home Appliances,4,566.18,UPI,Pending
ORD00117,CUST0227,2025-02-07,PROD0158,Pen,Stationery,3,893.27,Cash on Delivery,Delivered
ORD00118,CUST0278,2023-05-13,PROD0088,Microwave,Home Appliances,2,761.82,Debit Card,Returned
ORD00119,CUST0270,2025-07-15,PROD0200,Blender,Home Appliances,2,929.49,PayPal,Returned
ORD00120,CUST0256,2023-08-05,PROD0094,Jeans,Fashion,1,659.17,Cash on Delivery,Returned
ORD00121,CUST0089,2025-01-16,PROD0032,Microwave,Home Appliances,5,13.62,Debit Card,Returned
ORD00122,CUST0287,2024-10-01,PROD0036,Sneakers,Fashion,4,442.83,PayPal,Cancelled
ORD00123,CUST0216,2023-09-27,PROD0148,Microwave,Home Appliances,4,653.51,Credit Card,Delivered
ORD00124,CUST0002,2023-09-15,PROD0019,Notebook,Stationery,2,348.07,Cash on Delivery,Delivered
ORD00125,CUST0286,2023-11-17,PROD0033,Sneakers,Fashion,1,795.02,PayPal,Cancelled
ORD00126,CUST0177,2025-01-14,PROD0182,Blender,Home Appliances,4,952.24,Credit Card,Delivered
ORD00127,CUST0062,2025-01-27,PROD0096,Microwave,Home Appliances,3,799.29,PayPal,Pending
ORD00128,CUST0081,2025-01-15,PROD0067,Refrigerator,Home Appliances,2,699.53,Credit Card,Delivered
ORD00129,CUST0070,2024-11-14,PROD0017,Laptop,Electronics,3,760.35,Debit Card,Delivered
ORD00130,CUST0051,2025-04-18,PROD0142,Novel,Books,5,336.84,Cash on Delivery,Delivered
ORD00131,CUST0054,2025-06-21,PROD0140,Refrigerator,Home Appliances,2,821.03,Credit Card,Returned
ORD00132,CUST0165,2025-07-26,PROD0067,Sneakers,Fashion,5,13.86,Debit Card,Pending
ORD00133,CUST0096,2023-09-09,PROD0017,T-shirt,Fashion,1,239.43,Credit Card,Cancelled
ORD00134,CUST0099,2023-08-15,PROD0157,Pen,Stationery,5,111.35,Credit Card,Shipped
ORD00135,CUST0008,2025-04-04,PROD0032,Sneakers,Fashion,3,268.82,Debit Card,Shipped
ORD00136,CUST0085,2023-11-11,PROD0042,Blender,Home Appliances,5,330.58,Credit Card,Pending
ORD00137,CUST0286,2024-04-27,PROD0028,Sneakers,Fashion,3,294.47,Debit Card,Shipped
ORD00138,CUST0174,2023-12-31,PROD0054,Jeans,Fashion,2,14.7,Cash on Delivery,Cancelled
ORD00139,CUST0269,2024-05-25,PROD0026,Laptop,Electronics,3,608.4,Cash on Delivery,Cancelled
ORD00140,CUST0265,2024-12-10,PROD0032,Refrigerator,Home Appliances,1,979.44,Credit Card,Pending
ORD00141,CUST0264,2024-05-04,PROD0038,Laptop,Electronics,3,817.18,PayPal,Delivered
ORD00142,CUST0129,2025-03-13,PROD0022,Pen,Stationery,5,349.96,UPI,Returned
ORD00143,CUST0237,2023-01-18,PROD0010,Notebook,Stationery,2,891.16,Debit Card,Shipped
ORD00144,CUST0184,2024-08-27,PROD0028,Microwave,Home Appliances,3,856.68,Credit Card,Pending
ORD00145,CUST0184,2024-06-13,PROD0197,Jeans,Fashion,4,451.62,PayPal,Cancelled
ORD00146,CUST0131,2023-10-30,PROD0143,Blender,Home Appliances,5,955.02,Cash on Delivery,Cancelled
ORD00147,CUST0057,2025-05-14,PROD0102,Jeans,Fashion,1,72.09,Debit Card,Pending
ORD00148,CUST0042,2024-12-25,PROD0174,Smartphone,Electronics,4,311.75,PayPal,Pending
ORD00149,CUST0159,2023-06-27,PROD0122,Laptop,Electronics,5,224.22,Credit Card,Delivered
ORD00150,CUST0295,2025-07-02,PROD0161,T-shirt,Fashion,2,905.1,PayPal,Delivered
ORD00151,CUST0100,2023-07-28,PROD0079,Jeans,Fashion,1,992.91,Credit Card,Cancelled
ORD00152,CUST0085,2023-03-15,PROD0200,Headphones,Electronics,3,393.35,PayPal,Pending
ORD00153,CUST0165,2023-08-15,PROD0025,Jeans,Fashion,2,380.19,Cash on Delivery,Shipped
ORD00154,CUST0292,2025-06-09,PROD0008,Novel,Books,4,646.53,Debit Card,Cancelled
ORD00155,CUST0122,2025-02-06,PROD0147,Smartphone,Electronics,3,763.28,UPI,Shipped
ORD00156,CUST0079,2024-05-16,PROD0107,Notebook,Stationery,3,939.76,UPI,Cancelled
ORD00157,CUST0073,2024-03-08,PROD0019,Notebook,Stationery,3,591.02,Cash on Delivery,Delivered
ORD00158,CUST0253,2024-01-15,PROD0092,Notebook,Stationery,3,785.64,Cash on Delivery,Shipped
ORD00159,CUST0269,2023-04-10,PROD0051,T-shirt,Fashion,4,488.06,PayPal,Returned
ORD00160,CUST0139,2023-09-13,PROD0166,Sneakers,Fashion,3,807.59,Credit Card,Delivered
ORD00161,CUST0050,2023-08-31,PROD0123,Pen,Stationery,3,947.11,Debit Card,Pending
ORD00162,CUST0252,2024-11-07,PROD0125,Blender,Home Appliances,5,802.57,PayPal,Delivered
ORD00163,CUST0189,2023-11-08,PROD0090,Laptop,Electronics,4,417.83,PayPal,Delivered
ORD00164,CUST0097,2023-03-20,PROD0175,Blender,Home Appliances,3,926.91,Debit Card,Returned
ORD00165,CUST0163,2024-01-28,PROD0056,Notebook,Stationery,3,606.93,PayPal,Pending
ORD00166,CUST0290,2023-12-10,PROD0073,Pen,Stationery,1,211.28,Debit Card,Pending
ORD00167,CUST0229,2023-02-14,PROD0065,Microwave,Home Appliances,5,680.99,UPI,Returned
ORD00168,CUST0180,2024-11-01,PROD0128,Laptop,Electronics,2,739.65,PayPal,Pending
ORD00169,CUST0116,2023-11-10,PROD0036,Laptop,Electronics,5,200.9,PayPal,Delivered
ORD00170,CUST0051,2023-11-13,PROD0162,T-shirt,Fashion,5,303.59,UPI,Shipped
ORD00171,CUST0014,2024-08-04,PROD0007,Headphones,Electronics,4,726.8,UPI,Returned
ORD00172,CUST0172,2025-06-12,PROD0135,Pen,Stationery,1,743.59,PayPal,Delivered
ORD00173,CUST0247,2023-05-10,PROD0179,Jeans,Fashion,2,68.79,UPI,Returned
ORD00174,CUST0260,2025-07-12,PROD0073,Jeans,Fashion,1,322.9,Debit Card,Shipped
ORD00175,CUST0235,2023-08-30,PROD0181,Microwave,Home Appliances,5,255.33,PayPal,Pending
ORD00176,CUST0192,2023-03-01,PROD0163,Microwave,Home Appliances,3,380.96,PayPal,Delivered
ORD00177,CUST0047,2025-01-05,PROD0161,Notebook,Stationery,1,342.35,Credit Card,Shipped
ORD00178,CUST0170,2024-01-04,PROD0082,Microwave,Home Appliances,5,339.18,Debit Card,Delivered
ORD00179,CUST0258,2023-03-21,PROD0056,Microwave,Home Appliances,2,402.46,PayPal,Pending
ORD00180,CUST0062,2024-02-20,PROD0139,Blender,Home Appliances,1,308.77,PayPal,Returned
ORD00181,CUST0118,2024-05-16,PROD0096,Blender,Home Appliances,3,448.78,PayPal,Shipped
ORD00182,CUST0171,2025-04-10,PROD0115,Refrigerator,Home Appliances,3,827.33,PayPal,Returned
ORD00183,CUST0247,2023-08-22,PROD0025,Smartphone,Electronics,1,22.48,Credit Card,Cancelled
ORD00184,CUST0289,2023-05-16,PROD0050,Jeans,Fashion,1,599.94,Credit Card,Returned
ORD00185,CUST0105,2024-12-23,PROD0041,T-shirt,Fashion,4,342.57,Cash on Delivery,Pending
ORD00186,CUST0109,2024-09-17,PROD0072,T-shirt,Fashion,1,474.94,PayPal,Cancelled
ORD00187,CUST0293,2023-07-10,PROD0173,Microwave,Home Appliances,3,536.68,PayPal,Shipped
ORD00188,CUST0291,2024-12-21,PROD0124,Headphones,Electronics,5,692.25,Cash on Delivery,Pending
ORD00189,CUST0153,2023-06-18,PROD0185,Laptop,Electronics,5,714.29,Credit Card,Shipped
ORD00190,CUST0279,2023-05-26,PROD0170,Sneakers,Fashion,3,987.18,UPI,Cancelled
ORD00191,CUST0124,2025-07-22,PROD0062,Smartphone,Electronics,4,163.61,UPI,Cancelled
ORD00192,CUST0118,2023-07-02,PROD0013,Notebook,Stationery,5,755.51,Cash on Delivery,Cancelled
ORD00193,CUST0055,2024-06-22,PROD0069,Novel,Books,4,190.98,Credit Card,Returned
ORD00194,CUST0148,2023-03-09,PROD0042,Laptop,Electronics,5,134.55,Cash on Delivery,Delivered
ORD00195,CUST0050,2023-03-24,PROD0047,Blender,Home Appliances,3,230.3,PayPal,Delivered
ORD00196,CUST0180,2025-06-14,PROD0135,Notebook,Stationery,1,648.57,PayPal,Delivered
ORD00197,CUST0042,2023-06-15,PROD0090,Notebook,Stationery,3,87.35,UPI,Cancelled
ORD00198,CUST0197,2023-05-27,PROD0020,T-shirt,Fashion,5,902.71,Cash on Delivery,Shipped
ORD00199,CUST0192,2023-12-09,PROD0186,Pen,Stationery,1,917.34,PayPal,Shipped
ORD00200,CUST0093,2023-04-16,PROD0142,Microwave,Home Appliances,3,867.91,Credit Card,Delivered
ORD00201,CUST0175,2025-06-14,PROD0158,Smartphone,Electronics,4,458.82,UPI,Cancelled
ORD00202,CUST0202,2025-06-11,PROD0116,Sneakers,Fashion,5,182.75,UPI,Returned
ORD00203,CUST0153,2025-06-23,PROD0170,T-shirt,Fashion,4,314.99,Credit Card,Returned
ORD00204,CUST0203,2023-04-15,PROD0060,Blender,Home Appliances,3,466.93,Credit Card,Delivered
ORD00205,CUST0154,2024-08-27,PROD0156,T-shirt,Fashion,1,599.36,PayPal,Cancelled
ORD00206,CUST0234,2025-02-01,PROD0050,Jeans,Fashion,2,532.52,Debit Card,Pending
ORD00207,CUST0193,2024-02-08,PROD0154,Headphones,Electronics,5,419.03,Cash on Delivery,Shipped
ORD00208,CUST0115,2024-05-01,PROD0007,Jeans,Fashion,4,906.52,Debit Card,Returned
ORD00209,CUST0280,2025-06-11,PROD0124,Laptop,Electronics,4,441.14,Cash on Delivery,Shipped
ORD00210,CUST0076,2023-09-25,PROD0099,Refrigerator,Home Appliances,4,198.94,PayPal,Shipped
ORD00211,CUST0190,2023-03-07,PROD0134,Notebook,Stationery,5,931.22,UPI,Cancelled
ORD00212,CUST0190,2024-10-01,PROD0040,Novel,Books,5,113.56,PayPal,Returned
ORD00213,CUST0262,2023-11-28,PROD0047,Blender,Home Appliances,4,452.94,UPI,Cancelled
ORD00214,CUST0152,2024-01-01,PROD0148,Notebook,Stationery,4,805.14,Cash on Delivery,Shipped
ORD00215,CUST0147,2023-10-19,PROD0120,Jeans,Fashion,2,753.89,Credit Card,Pending
ORD00216,CUST0180,2023-07-28,PROD0069,Novel,Books,1,492.5,Credit Card,Pending
ORD00217,CUST0259,2023-01-09,PROD0070,Microwave,Home Appliances,3,731.06,Cash on Delivery,Delivered
ORD00218,CUST0124,2024-08-07,PROD0147,Pen,Stationery,5,648.27,Debit Card,Cancelled
ORD00219,CUST0123,2023-03-05,PROD0140,Jeans,Fashion,2,815.74,Credit Card,Returned
ORD00220,CUST0276,2023-09-18,PROD0093,Jeans,Fashion,2,832.98,PayPal,Returned
ORD00221,CUST0030,2025-06-17,PROD0183,Refrigerator,Home Appliances,3,259.07,UPI,Returned
ORD00222,CUST0074,2024-12-13,PROD0054,Jeans,Fashion,3,831.26,Debit Card,Shipped
ORD00223,CUST0179,2024-04-15,PROD0161,Jeans,Fashion,5,119.01,Cash on Delivery,Delivered
ORD00224,CUST0176,2024-01-07,PROD0183,Sneakers,Fashion,2,429.47,PayPal,Pending
ORD00225,CUST0289,2025-01-01,PROD0066,Notebook,Stationery,5,38.93,Cash on Delivery,Delivered
ORD00226,CUST0153,2023-10-16,PROD0134,Microwave,Home Appliances,3,252.38,Cash on Delivery,Pending
ORD00227,CUST0061,2024-06-03,PROD0016,Headphones,Electronics,5,528.88,Cash on Delivery,Cancelled
ORD00228,CUST0127,2025-01-09,PROD0112,Laptop,Electronics,4,705.8,UPI,Pending
ORD00229,CUST0241,2025-01-08,PROD0179,Novel,Books,4,530.98,Debit Card,Cancelled
ORD00230,CUST0202,2023-03-29,PROD0184,T-shirt,Fashion,4,162.01,UPI,Cancelled
ORD00231,CUST0209,2024-05-23,PROD0056,Refrigerator,Home Appliances,4,197.43,Cash on Delivery,Delivered
ORD00232,CUST0040,2023-11-02,PROD0123,Jeans,Fashion,1,257.84,PayPal,Delivered
ORD00233,CUST0085,2024-07-10,PROD0026,Pen,Stationery,2,332.66,Cash on Delivery,Cancelled
ORD00234,CUST0201,2023-11-30,PROD0143,Notebook,Stationery,2,351.53,Credit Card,Pending
ORD00235,CUST0292,2024-01-22,PROD0157,Pen,Stationery,3,892.23,Credit Card,Returned
ORD00236,CUST0131,2024-02-18,PROD0185,Refrigerator,Home Appliances,5,303.07,Credit Card,Shipped
ORD00237,CUST0220,2023-04-08,PROD0142,Smartphone,Electronics,1,159.37,Cash on Delivery,Cancelled
ORD00238,CUST0283,2025-07-31,PROD0046,Refrigerator,Home Appliances,2,598.23,PayPal,Returned
ORD00239,CUST0043,2025-04-13,PROD0192,Headphones,Electronics,1,939.66,PayPal,Shipped
ORD00240,CUST0246,2024-10-14,PROD0007,Blender,Home Appliances,2,650.26,Debit Card,Returned
ORD00241,CUST0103,2024-09-02,PROD0186,Pen,Stationery,4,373.63,Credit Card,Shipped
ORD00242,CUST0039,2023-05-10,PROD0024,Sneakers,Fashion,1,600.57,Debit Card,Pending
ORD00243,CUST0177,2023-05-20,PROD0092,Blender,Home Appliances,3,743.38,Cash on Delivery,Delivered
ORD00244,CUST0118,2024-04-14,PROD0037,Novel,Books,1,967.6,PayPal,Cancelled
ORD00245,CUST0268,2025-07-21,PROD0060,Headphones,Electronics,3,691.57,Cash on Delivery,Cancelled
ORD00246,CUST0267,2024-07-17,PROD0182,Smartphone,Electronics,2,107.84,UPI,Shipped
ORD00247,CUST0162,2024-09-17,PROD0069,Jeans,Fashion,4,378.31,PayPal,Delivered
ORD00248,CUST0125,2023-07-14,PROD0130,Sneakers,Fashion,2,204.26,PayPal,Delivered
ORD00249,CUST0232,2025-05-30,PROD0093,T-shirt,Fashion,1,166.45,UPI,Shipped
ORD00250,CUST0044,2025-02-24,PROD0005,Jeans,Fashion,2,829.04,Cash on Delivery,Cancelled
ORD00251,CUST0209,2023-06-15,PROD0004,T-shirt,Fashion,3,741.09,UPI,Returned
ORD00252,CUST0148,2025-01-18,PROD0118,Smartphone,Electronics,2,710.41,Cash on Delivery,Pending
ORD00253,CUST0282,2024-04-22,PROD0116,Microwave,Home Appliances,2,182.01,Debit Card,Returned
ORD00254,CUST0183,2024-05-11,PROD0175,Notebook,Stationery,5,895.4,PayPal,Returned
ORD00255,CUST0160,2025-07-07,PROD0146,Notebook,Stationery,2,44.82,Cash on Delivery,Delivered
ORD00256,CUST0218,2023-12-22,PROD0179,Novel,Books,2,420.62,Cash on Delivery,Shipped
ORD00257,CUST0013,2023-05-28,PROD0122,Smartphone,Electronics,2,248.87,UPI,Pending
ORD00258,CUST0087,2024-04-28,PROD0101,Notebook,Stationery,5,16.59,Debit Card,Shipped
ORD00259,CUST0146,2024-02-19,PROD0198,Refrigerator,Home Appliances,4,949.93,Cash on Delivery,Cancelled
ORD00260,CUST0182,2023-01-10,PROD0186,Pen,Stationery,1,171.25,Credit Card,Delivered
ORD00261,CUST0177,2023-11-26,PROD0074,Pen,Stationery,3,585.99,Credit Card,Pending
ORD00262,CUST0049,2023-07-08,PROD0082,Microwave,Home Appliances,1,477.72,Debit Card,Shipped
ORD00263,CUST0040,2025-04-12,PROD0059,Blender,Home Appliances,3,829.87,PayPal,Shipped
ORD00264,CUST0097,2023-04-30,PROD0124,Blender,Home Appliances,4,448.0,Cash on Delivery,Delivered
ORD00265,CUST0183,2023-10-24,PROD0003,Pen,Stationery,5,447.25,UPI,Pending
ORD00266,CUST0155,2024-10-05,PROD0032,Refrigerator,Home Appliances,5,738.99,Credit Card,Cancelled
ORD00267,CUST0222,2025-07-26,PROD0016,Novel,Books,1,365.33,UPI,Cancelled
ORD00268,CUST0056,2024-04-12,PROD0192,Headphones,Electronics,5,721.2,UPI,Returned
ORD00269,CUST0292,2023-12-15,PROD0006,Refrigerator,Home Appliances,5,733.96,Debit Card,Returned
ORD00270,CUST0229,2023-10-24,PROD0165,T-shirt,Fashion,5,405.31,UPI,Shipped
ORD00271,CUST0296,2025-05-21,PROD0181,Notebook,Stationery,2,301.39,Credit Card,Pending
ORD00272,CUST0216,2024-09-24,PROD0079,Jeans,Fashion,3,453.68,UPI,Pending
ORD00273,CUST0139,2023-09-27,PROD0081,Smartphone,Electronics,3,653.48,Debit Card,Returned
ORD00274,CUST0286,2025-04-09,PROD0007,Headphones,Electronics,5,443.71,PayPal,Delivered
ORD00275,CUST0060,2025-07-11,PROD0046,Headphones,Electronics,3,979.0,Credit Card,Cancelled
ORD00276,CUST0030,2024-11-17,PROD0028,Jeans,Fashion,3,624.53,PayPal,Returned
ORD00277,CUST0204,2024-11-13,PROD0061,Jeans,Fashion,2,464.72,PayPal,Shipped
ORD00278,CUST0254,2024-02-25,PROD0066,Sneakers,Fashion,1,474.69,UPI,Pending
ORD00279,CUST0205,2023-01-21,PROD0113,Notebook,Stationery,3,23.9,Cash on Delivery,Returned
ORD00280,CUST0112,2025-04-12,PROD0049,Novel,Books,2,356.52,Debit Card,Delivered
ORD00281,CUST0168,2024-05-14,PROD0118,Smartphone,Electronics,1,107.24,UPI,Pending
ORD00282,CUST0230,2025-05-10,PROD0086,Refrigerator,Home Appliances,4,704.62,Debit Card,Pending
ORD00283,CUST0136,2024-07-13,PROD0119,Refrigerator,Home Appliances,4,496.51,UPI,Pending
ORD00284,CUST0128,2023-11-04,PROD0177,Laptop,Electronics,3,134.33,Cash on Delivery,Shipped
ORD00285,CUST0064,2023-09-03,PROD0120,Refrigerator,Home Appliances,2,207.23,UPI,Shipped
ORD00286,CUST0162,2025-07-21,PROD0119,Jeans,Fashion,3,998.48,PayPal,Pending
ORD00287,CUST0295,2024-03-08,PROD0188,Headphones,Electronics,3,739.16,Cash on Delivery,Pending
ORD00288,CUST0190,2024-04-22,PROD0141,Blender,Home Appliances,1,107.38,Cash on Delivery,Shipped
ORD00289,CUST0185,2023-08-07,PROD0011,Blender,Home Appliances,2,315.5,Debit Card,Delivered
ORD00290,CUST0027,2023-09-23,PROD0035,Notebook,Stationery,5,51.11,Debit Card,Returned
ORD00291,CUST0009,2023-09-29,PROD0116,Headphones,Electronics,5,394.39,Debit Card,Cancelled
ORD00292,CUST0288,2024-07-01,PROD0131,Sneakers,Fashion,2,74.1,PayPal,Returned
ORD00293,CUST0044,2024-04-06,PROD0027,Microwave,Home Appliances,5,613.01,Debit Card,Pending
ORD00294,CUST0152,2024-04-09,PROD0166,T-shirt,Fashion,2,936.06,Cash on Delivery,Cancelled
ORD00295,CUST0123,2024-06-18,PROD0093,Microwave,Home Appliances,3,463.12,Cash on Delivery,Delivered
ORD00296,CUST0006,2023-12-29,PROD0087,Sneakers,Fashion,4,420.65,Debit Card,Returned
ORD00297,CUST0147,2024-10-26,PROD0067,Jeans,Fashion,2,32.31,Debit Card,Shipped
ORD00298,CUST0003,2024-09-07,PROD0200,Microwave,Home Appliances,5,897.25,Debit Card,Shipped
ORD00299,CUST0275,2023-08-20,PROD0126,Notebook,Stationery,3,165.54,Cash on Delivery,Cancelled
ORD00300,CUST0205,2023-10-13,PROD0154,Smartphone,Electronics,3,928.87,PayPal,Returned
ORD00301,CUST0027,2024-05-23,PROD0129,Blender,Home Appliances,3,469.5,UPI,Delivered
ORD00302,CUST0043,2024-01-12,PROD0073,T-shirt,Fashion,5,849.37,Debit Card,Cancelled
ORD00303,CUST0236,2023-12-01,PROD0116,Jeans,Fashion,1,503.63,PayPal,Pending
ORD00304,CUST0165,2025-05-04,PROD0054,Sneakers,Fashion,5,947.93,Debit Card,Returned
ORD00305,CUST0018,2025-04-05,PROD0169,Sneakers,Fashion,5,986.42,PayPal,Cancelled
ORD00306,CUST0286,2025-03-14,PROD0069,T-shirt,Fashion,1,62.6,PayPal,Shipped
ORD00307,CUST0274,2023-02-25,PROD0121,Microwave,Home Appliances,3,291.91,Cash on Delivery,Returned
ORD00308,CUST0083,2025-02-18,PROD0035,Smartphone,Electronics,5,391.41,UPI,Shipped
ORD00309,CUST0090,2023-08-24,PROD0073,Jeans,Fashion,3,335.2,Cash on Delivery,Pending
ORD00310,CUST0024,2024-05-22,PROD0146,Jeans,Fashion,4,970.99,Credit Card,Returned
ORD00311,CUST0088,2023-05-03,PROD0032,Laptop,Electronics,3,129.25,UPI,Shipped
ORD00312,CUST0231,2025-01-10,PROD0123,Refrigerator,Home Appliances,5,154.0,Cash on Delivery,Pending
ORD00313,CUST0283,2024-06-25,PROD0023,Blender,Home Appliances,4,355.76,Cash on Delivery,Pending
ORD00314,CUST0221,2023-03-21,PROD0019,T-shirt,Fashion,1,484.31,Cash on Delivery,Cancelled
ORD00315,CUST0194,2024-10-28,PROD0101,T-shirt,Fashion,4,407.88,UPI,Pending
ORD00316,CUST0039,2023-10-03,PROD0017,Sneakers,Fashion,2,187.5,UPI,Shipped
ORD00317,CUST0164,2025-06-11,PROD0086,Headphones,Electronics,4,612.17,Credit Card,Pending
ORD00318,CUST0062,2023-02-12,PROD0200,Refrigerator,Home Appliances,5,24.08,Cash on Delivery,Returned
ORD00319,CUST0202,2025-01-13,PROD0113,Microwave,Home Appliances,2,374.32,PayPal,Cancelled
ORD00320,CUST0207,2024-11-17,PROD0021,Laptop,Electronics,2,702.71,Cash on Delivery,Returned
ORD00321,CUST0291,2024-04-10,PROD0154,Microwave,Home Appliances,2,265.57,Debit Card,Pending
ORD00322,CUST0073,2024-10-15,PROD0054,Novel,Books,5,623.21,Credit Card,Pending
ORD00323,CUST0278,2025-05-11,PROD0017,Microwave,Home Appliances,3,797.52,Cash on Delivery,Returned
ORD00324,CUST0292,2023-08-16,PROD0065,Jeans,Fashion,1,686.88,PayPal,Delivered
ORD00325,CUST0141,2024-08-27,PROD0031,T-shirt,Fashion,2,94.1,Debit Card,Pending
ORD00326,CUST0076,2023-01-19,PROD0149,Laptop,Electronics,2,64.44,Cash on Delivery,Returned
ORD00327,CUST0280,2023-08-05,PROD0084,Laptop,Electronics,3,232.14,Cash on Delivery,Returned
ORD00328,CUST0229,2025-02-10,PROD0084,Refrigerator,Home Appliances,2,113.47,Credit Card,Pending
ORD00329,CUST0140,2024-10-16,PROD0099,Sneakers,Fashion,1,848.52,Cash on Delivery,Shipped
ORD00330,CUST0260,2023-05-04,PROD0006,Sneakers,Fashion,1,649.15,Cash on Delivery,Delivered
ORD00331,CUST0006,2023-09-20,PROD0063,Refrigerator,Home Appliances,1,918.96,UPI,Delivered
ORD00332,CUST0173,2024-01-09,PROD0089,Laptop,Electronics,4,612.96,UPI,Delivered
ORD00333,CUST0115,2025-07-16,PROD0099,Laptop,Electronics,5,137.69,UPI,Pending
ORD00334,CUST0168,2025-06-24,PROD0104,Headphones,Electronics,3,108.89,Debit Card,Shipped
ORD00335,CUST0088,2024-08-31,PROD0174,Pen,Stationery,1,848.77,Cash on Delivery,Returned
ORD00336,CUST0182,2023-11-04,PROD0132,T-shirt,Fashion,3,960.01,Cash on Delivery,Pending
ORD00337,CUST0170,2025-07-25,PROD0197,Blender,Home Appliances,5,426.94,Credit Card,Pending
ORD00338,CUST0044,2023-01-05,PROD0148,Refrigerator,Home Appliances,1,669.24,Cash on Delivery,Pending
ORD00339,CUST0149,2024-10-19,PROD0038,Headphones,Electronics,5,154.67,PayPal,Shipped
ORD00340,CUST0232,2024-09-09,PROD0106,Refrigerator,Home Appliances,1,833.9,UPI,Cancelled
ORD00341,CUST0157,2024-09-24,PROD0117,Jeans,Fashion,1,595.13,Debit Card,Pending
ORD00342,CUST0123,2023-01-23,PROD0070,Sneakers,Fashion,1,381.09,UPI,Cancelled
ORD00343,CUST0046,2023-03-15,PROD0037,Refrigerator,Home Appliances,1,699.72,Credit Card,Delivered
ORD00344,CUST0204,2024-08-23,PROD0069,Jeans,Fashion,2,777.87,Debit Card,Delivered
ORD00345,CUST0116,2024-05-14,PROD0190,T-shirt,Fashion,3,772.66,Credit Card,Shipped
ORD00346,CUST0260,2023-06-10,PROD0027,Laptop,Electronics,4,874.88,Credit Card,Returned
ORD00347,CUST0080,2025-07-17,PROD0198,Laptop,Electronics,3,376.91,PayPal,Returned
ORD00348,CUST0234,2024-02-27,PROD0135,Sneakers,Fashion,3,41.01,PayPal,Delivered
ORD00349,CUST0092,2023-08-07,PROD0035,Smartphone,Electronics,1,226.63,PayPal,Shipped
ORD00350,CUST0232,2023-08-29,PROD0055,Jeans,Fashion,4,617.6,Debit Card,Cancelled
ORD00351,CUST0184,2023-06-01,PROD0198,Jeans,Fashion,2,458.01,Cash on Delivery,Cancelled
ORD00352,CUST0120,2024-10-30,PROD0006,Blender,Home Appliances,2,262.47,PayPal,Returned
ORD00353,CUST0010,2023-01-29,PROD0042,Pen,Stationery,2,792.9,PayPal,Pending
ORD00354,CUST0006,2024-01-13,PROD0102,T-shirt,Fashion,2,464.47,Debit Card,Delivered
ORD00355,CUST0029,2023-06-04,PROD0027,Notebook,Stationery,3,402.64,Debit Card,Returned
ORD00356,CUST0154,2023-10-04,PROD0124,Microwave,Home Appliances,5,426.17,Credit Card,Cancelled
ORD00357,CUST0020,2025-07-02,PROD0099,Refrigerator,Home Appliances,2,166.78,Credit Card,Pending
ORD00358,CUST0244,2023-07-16,PROD0124,Blender,Home Appliances,5,780.23,PayPal,Returned
ORD00359,CUST0125,2023-04-08,PROD0087,Sneakers,Fashion,4,742.66,Cash on Delivery,Cancelled
ORD00360,CUST0144,2023-03-29,PROD0084,T-shirt,Fashion,1,684.52,PayPal,Returned
ORD00361,CUST0082,2023-03-01,PROD0187,Blender,Home Appliances,5,129.69,Debit Card,Delivered
ORD00362,CUST0293,2024-03-02,PROD0155,Blender,Home Appliances,1,640.97,Credit Card,Returned
ORD00363,CUST0071,2023-04-26,PROD0085,Smartphone,Electronics,1,950.82,UPI,Pending
ORD00364,CUST0230,2024-07-25,PROD0131,Refrigerator,Home Appliances,3,72.42,Cash on Delivery,Cancelled
ORD00365,CUST0155,2023-09-30,PROD0188,Headphones,Electronics,5,764.38,Cash on Delivery,Shipped
ORD00366,CUST0074,2025-02-20,PROD0021,Pen,Stationery,3,507.64,Cash on Delivery,Delivered
ORD00367,CUST0181,2025-01-18,PROD0067,Smartphone,Electronics,3,160.18,UPI,Shipped
ORD00368,CUST0052,2024-05-13,PROD0175,Refrigerator,Home Appliances,1,576.19,PayPal,Shipped
ORD00369,CUST0223,2024-12-02,PROD0040,Laptop,Electronics,2,643.2,Debit Card,Pending
ORD00370,CUST0293,2023-01-12,PROD0178,Microwave,Home Appliances,5,929.56,PayPal,Cancelled
ORD00371,CUST0032,2024-12-05,PROD0134,T-shirt,Fashion,2,769.99,Debit Card,Delivered
ORD00372,CUST0075,2025-04-10,PROD0017,Jeans,Fashion,1,325.66,Credit Card,Returned
ORD00373,CUST0051,2024-08-12,PROD0054,Novel,Books,3,785.87,Credit Card,Cancelled
ORD00374,CUST0190,2024-07-04,PROD0048,Microwave,Home Appliances,1,452.31,UPI,Shipped
ORD00375,CUST0228,2024-06-15,PROD0135,Headphones,Electronics,1,540.61,UPI,Shipped
ORD00376,CUST0286,2023-01-25,PROD0138,T-shirt,Fashion,1,749.63,Cash on Delivery,Shipped
ORD00377,CUST0135,2025-07-11,PROD0098,Pen,Stationery,1,856.17,Credit Card,Pending
ORD00378,CUST0171,2024-08-23,PROD0030,Smartphone,Electronics,3,848.57,Credit Card,Cancelled
ORD00379,CUST0156,2023-11-15,PROD0198,Refrigerator,Home Appliances,1,328.42,UPI,Delivered
ORD00380,CUST0252,2025-07-09,PROD0006,Blender,Home Appliances,4,816.65,Cash on Delivery,Returned
ORD00381,CUST0073,2023-08-19,PROD0189,Jeans,Fashion,4,949.41,Credit Card,Shipped
ORD00382,CUST0056,2025-06-09,PROD0187,Jeans,Fashion,2,979.52,Debit Card,Pending
ORD00383,CUST0153,2024-12-29,PROD0022,Smartphone,Electronics,2,593.07,UPI,Returned
ORD00384,CUST0017,2023-01-25,PROD0002,Refrigerator,Home Appliances,2,660.82,UPI,Returned
ORD00385,CUST0125,2024-07-17,PROD0189,Microwave,Home Appliances,2,36.56,Cash on Delivery,Returned
ORD00386,CUST0119,2024-05-14,PROD0171,Refrigerator,Home Appliances,2,652.16,Debit Card,Cancelled
ORD00387,CUST0109,2024-11-26,PROD0050,Blender,Home Appliances,4,397.28,Credit Card,Shipped
ORD00388,CUST0257,2023-01-02,PROD0158,Jeans,Fashion,1,955.76,Debit Card,Delivered
ORD00389,CUST0170,2024-03-10,PROD0138,Microwave,Home Appliances,2,355.91,PayPal,Returned
ORD00390,CUST0214,2024-08-22,PROD0025,Novel,Books,3,869.35,PayPal,Delivered
ORD00391,CUST0205,2023-02-03,PROD0105,Pen,Stationery,4,628.25,Debit Card,Returned
ORD00392,CUST0281,2023-03-19,PROD0038,Novel,Books,3,19.79,UPI,Returned
ORD00393,CUST0294,2023-04-17,PROD0096,Pen,Stationery,2,346.35,PayPal,Returned
ORD00394,CUST0171,2023-06-26,PROD0065,Novel,Books,5,49.59,Credit Card,Delivered
ORD00395,CUST0298,2025-04-05,PROD0047,Headphones,Electronics,2,181.32,Credit Card,Pending
ORD00396,CUST0013,2023-03-30,PROD0096,Notebook,Stationery,2,987.33,UPI,Pending
ORD00397,CUST0159,2023-03-19,PROD0065,T-shirt,Fashion,4,543.82,PayPal,Shipped
ORD00398,CUST0200,2024-10-30,PROD0072,Smartphone,Electronics,5,716.8,UPI,Pending
ORD00399,CUST0159,2023-09-16,PROD0074,Microwave,Home Appliances,2,372.82,Credit Card,Shipped
ORD00400,CUST0248,2023-02-12,PROD0168,Sneakers,Fashion,4,37.09,PayPal,Shipped
ORD00401,CUST0271,2025-05-15,PROD0141,Headphones,Electronics,5,731.23,Cash on Delivery,Returned
ORD00402,CUST0097,2025-02-04,PROD0037,Pen,Stationery,5,890.38,PayPal,Delivered
ORD00403,CUST0105,2023-07-26,PROD0152,Sneakers,Fashion,2,135.68,Cash on Delivery,Returned
ORD00404,CUST0057,2023-03-18,PROD0013,Refrigerator,Home Appliances,4,773.12,Credit Card,Shipped
ORD00405,CUST0231,2024-09-06,PROD0104,Refrigerator,Home Appliances,4,831.61,Debit Card,Cancelled
ORD00406,CUST0082,2023-09-04,PROD0139,Refrigerator,Home Appliances,4,701.11,Cash on Delivery,Shipped
ORD00407,CUST0214,2024-03-10,PROD0096,Sneakers,Fashion,3,102.3,PayPal,Returned
ORD00408,CUST0292,2023-09-01,PROD0191,Microwave,Home Appliances,2,904.15,PayPal,Delivered
ORD00409,CUST0228,2024-03-03,PROD0137,Headphones,Electronics,4,863.02,UPI,Returned
ORD00410,CUST0231,2024-02-13,PROD0110,Blender,Home Appliances,1,464.48,Debit Card,Delivered
ORD00411,CUST0085,2023-10-20,PROD0167,Smartphone,Electronics,1,828.79,PayPal,Returned
ORD00412,CUST0108,2025-01-30,PROD0133,Blender,Home Appliances,2,15.95,UPI,Cancelled
ORD00413,CUST0227,2024-05-28,PROD0160,Sneakers,Fashion,4,82.76,UPI,Pending
ORD00414,CUST0109,2024-06-24,PROD0176,Laptop,Electronics,3,524.92,Credit Card,Shipped
ORD00415,CUST0203,2023-09-24,PROD0074,Microwave,Home Appliances,4,117.56,Credit Card,Cancelled
ORD00416,CUST0182,2024-07-09,PROD0103,Laptop,Electronics,4,490.32,PayPal,Pending
ORD00417,CUST0023,2023-05-31,PROD0194,T-shirt,Fashion,4,352.54,UPI,Delivered
ORD00418,CUST0194,2024-10-24,PROD0099,Headphones,Electronics,1,458.85,PayPal,Shipped
ORD00419,CUST0146,2024-01-25,PROD0188,Novel,Books,2,337.02,PayPal,Returned
ORD00420,CUST0105,2025-07-30,PROD0048,T-shirt,Fashion,4,451.84,PayPal,Returned
ORD00421,CUST0013,2024-07-23,PROD0024,Laptop,Electronics,1,693.83,Debit Card,Returned
ORD00422,CUST0053,2025-04-01,PROD0100,Sneakers,Fashion,3,817.71,PayPal,Delivered
ORD00423,CUST0091,2024-06-17,PROD0196,Headphones,Electronics,4,498.18,Credit Card,Pending
ORD00424,CUST0190,2023-08-26,PROD0114,Laptop,Electronics,3,346.64,Debit Card,Pending
ORD00425,CUST0107,2023-10-17,PROD0026,Microwave,Home Appliances,5,385.2,Cash on Delivery,Cancelled
ORD00426,CUST0108,2024-03-26,PROD0066,Pen,Stationery,5,45.99,Debit Card,Cancelled
ORD00427,CUST0280,2025-07-17,PROD0157,Headphones,Electronics,1,800.59,Cash on Delivery,Shipped
ORD00428,CUST0058,2023-10-06,PROD0110,Jeans,Fashion,2,741.75,PayPal,Returned
ORD00429,CUST0220,2024-06-06,PROD0151,Smartphone,Electronics,3,97.67,Credit Card,Cancelled
ORD00430,CUST0091,2024-06-28,PROD0062,Blender,Home Appliances,1,584.33,Credit Card,Cancelled
ORD00431,CUST0145,2025-03-26,PROD0199,Microwave,Home Appliances,5,540.47,PayPal,Returned
ORD00432,CUST0155,2024-08-19,PROD0167,Jeans,Fashion,5,818.12,PayPal,Delivered
ORD00433,CUST0298,2024-11-27,PROD0150,Pen,Stationery,1,98.99,Cash on Delivery,Pending
ORD00434,CUST0136,2023-06-05,PROD0127,Sneakers,Fashion,2,60.22,PayPal,Pending
ORD00435,CUST0229,2023-10-16,PROD0089,Smartphone,Electronics,1,521.05,Debit Card,Returned
ORD00436,CUST0176,2024-04-11,PROD0062,T-shirt,Fashion,3,599.35,Debit Card,Shipped
ORD00437,CUST0294,2025-07-22,PROD0122,Refrigerator,Home Appliances,5,23.48,Cash on Delivery,Returned
ORD00438,CUST0167,2023-07-04,PROD0068,Laptop,Electronics,4,373.69,Credit Card,Cancelled
ORD00439,CUST0053,2025-01-31,PROD0127,T-shirt,Fashion,1,206.17,UPI,Delivered
ORD00440,CUST0004,2024-05-13,PROD0128,Notebook,Stationery,2,451.43,UPI,Shipped
ORD00441,CUST0286,2023-10-06,PROD0180,Headphones,Electronics,5,639.2,UPI,Cancelled
ORD00442,CUST0023,2024-08-15,PROD0079,Blender,Home Appliances,4,752.62,Cash on Delivery,Returned
ORD00443,CUST0234,2023-12-13,PROD0154,Notebook,Stationery,3,566.87,Cash on Delivery,Returned
ORD00444,CUST0143,2024-11-28,PROD0007,Microwave,Home Appliances,5,330.64,Cash on Delivery,Returned
ORD00445,CUST0225,2023-11-23,PROD0066,Pen,Stationery,2,938.45,Debit Card,Returned
ORD00446,CUST0123,2024-04-24,PROD0020,Sneakers,Fashion,3,87.72,Debit Card,Returned
ORD00447,CUST0140,2024-03-06,PROD0047,Refrigerator,Home Appliances,2,136.89,UPI,Returned
ORD00448,CUST0251,2025-07-10,PROD0010,Sneakers,Fashion,5,456.32,Cash on Delivery,Delivered
ORD00449,CUST0219,2024-04-09,PROD0070,Novel,Books,5,928.9,UPI,Delivered
ORD00450,CUST0038,2023-02-11,PROD0045,Pen,Stationery,5,957.29,Credit Card,Shipped
ORD00451,CUST0004,2023-06-12,PROD0041,Sneakers,Fashion,5,42.18,UPI,Delivered
ORD00452,CUST0277,2025-02-27,PROD0115,T-shirt,Fashion,5,946.14,UPI,Shipped
ORD00453,CUST0266,2024-01-04,PROD0111,Novel,Books,4,656.32,UPI,Pending
ORD00454,CUST0053,2023-07-06,PROD0131,Microwave,Home Appliances,2,315.66,UPI,Returned
ORD00455,CUST0161,2024-04-22,PROD0051,Blender,Home Appliances,4,870.12,Credit Card,Returned
ORD00456,CUST0160,2024-07-11,PROD0109,Laptop,Electronics,5,283.74,PayPal,Cancelled
ORD00457,CUST0279,2023-05-11,PROD0167,Jeans,Fashion,2,116.16,Debit Card,Cancelled
ORD00458,CUST0179,2023-07-31,PROD0008,Laptop,Electronics,2,444.63,Credit Card,Cancelled
ORD00459,CUST0144,2023-06-29,PROD0109,Novel,Books,3,663.37,Credit Card,Delivered
ORD00460,CUST0131,2023-07-16,PROD0072,Sneakers,Fashion,5,93.23,UPI,Delivered
ORD00461,CUST0246,2023-12-03,PROD0168,Sneakers,Fashion,4,649.36,Cash on Delivery,Cancelled
ORD00462,CUST0246,2025-06-24,PROD0140,Headphones,Electronics,1,286.72,Cash on Delivery,Returned
ORD00463,CUST0156,2025-06-30,PROD0190,Laptop,Electronics,3,102.8,UPI,Returned
ORD00464,CUST0168,2023-02-25,PROD0190,Novel,Books,5,761.06,Cash on Delivery,Cancelled
ORD00465,CUST0206,2023-08-09,PROD0156,Headphones,Electronics,5,466.38,PayPal,Returned
ORD00466,CUST0260,2025-04-20,PROD0008,Laptop,Electronics,5,728.95,Debit Card,Delivered
ORD00467,CUST0056,2025-04-05,PROD0108,Novel,Books,2,406.4,Debit Card,Pending
ORD00468,CUST0269,2023-06-09,PROD0065,Novel,Books,4,889.61,PayPal,Shipped
ORD00469,CUST0270,2024-12-07,PROD0070,Refrigerator,Home Appliances,2,637.28,UPI,Shipped
ORD00470,CUST0206,2024-05-07,PROD0027,Notebook,Stationery,2,489.67,PayPal,Delivered
ORD00471,CUST0148,2023-06-29,PROD0198,Notebook,Stationery,2,303.26,Cash on Delivery,Shipped
ORD00472,CUST0263,2023-11-04,PROD0139,Microwave,Home Appliances,5,300.04,Debit Card,Returned
ORD00473,CUST0214,2025-05-02,PROD0011,Microwave,Home Appliances,4,576.82,PayPal,Cancelled
ORD00474,CUST0088,2023-11-06,PROD0197,Refrigerator,Home Appliances,1,771.16,Cash on Delivery,Delivered
ORD00475,CUST0185,2023-03-27,PROD0121,Smartphone,Electronics,5,730.6,PayPal,Pending
ORD00476,CUST0020,2023-09-23,PROD0158,Refrigerator,Home Appliances,5,19.08,UPI,Shipped
ORD00477,CUST0088,2024-09-16,PROD0168,Laptop,Electronics,4,469.85,PayPal,Shipped
ORD00478,CUST0071,2023-05-09,PROD0154,Notebook,Stationery,2,990.09,Cash on Delivery,Returned
ORD00479,CUST0076,2023-07-15,PROD0003,Jeans,Fashion,2,548.0,Debit Card,Returned
ORD00480,CUST0223,2024-06-17,PROD0175,Pen,Stationery,1,89.67,Debit Card,Pending
ORD00481,CUST0099,2024-04-11,PROD0142,Novel,Books,4,142.73,Credit Card,Cancelled
ORD00482,CUST0026,2023-09-26,PROD0101,Refrigerator,Home Appliances,4,625.56,Credit Card,Shipped
ORD00483,CUST0297,2023-04-20,PROD0123,Smartphone,Electronics,1,905.26,PayPal,Delivered
ORD00484,CUST0269,2023-10-12,PROD0151,Jeans,Fashion,4,358.19,PayPal,Returned
ORD00485,CUST0165,2024-02-28,PROD0188,Laptop,Electronics,1,149.0,UPI,Cancelled
ORD00486,CUST0288,2024-12-18,PROD0160,Pen,Stationery,4,991.97,UPI,Cancelled
ORD00487,CUST0279,2025-07-04,PROD0147,Refrigerator,Home Appliances,3,942.57,Cash on Delivery,Delivered
ORD00488,CUST0142,2024-04-21,PROD0083,Notebook,Stationery,1,308.15,Credit Card,Shipped
ORD00489,CUST0221,2023-05-08,PROD0014,Blender,Home Appliances,4,357.51,UPI,Shipped
ORD00490,CUST0040,2025-03-02,PROD0172,Smartphone,Electronics,2,543.8,Debit Card,Pending
ORD00491,CUST0109,2023-09-12,PROD0187,Microwave,Home Appliances,3,58.26,PayPal,Shipped
ORD00492,CUST0194,2025-04-07,PROD0133,Novel,Books,1,120.13,Credit Card,Delivered
ORD00493,CUST0178,2025-07-27,PROD0083,Notebook,Stationery,2,842.3,Cash on Delivery,Shipped
ORD00494,CUST0134,2023-05-06,PROD0014,Pen,Stationery,2,975.22,Credit Card,Cancelled
ORD00495,CUST0099,2024-10-07,PROD0179,Headphones,Electronics,4,88.83,UPI,Returned
ORD00496,CUST0284,2023-09-13,PROD0032,Jeans,Fashion,1,690.3,UPI,Pending
ORD00497,CUST0267,2024-08-28,PROD0178,Headphones,Electronics,3,632.48,UPI,Pending
ORD00498,CUST0041,2024-10-21,PROD0187,Refrigerator,Home Appliances,1,835.77,PayPal,Returned
ORD00499,CUST0039,2025-02-25,PROD0110,Laptop,Electronics,1,230.71,PayPal,Returned
ORD00500,CUST0172,2024-11-18,PROD0144,Microwave,Home Appliances,1,567.79,PayPal,Returned
ORD00501,CUST0255,2023-10-24,PROD0042,Laptop,Electronics,1,519.76,Cash on Delivery,Pending
ORD00502,CUST0026,2024-03-13,PROD0048,T-shirt,Fashion,3,38.19,Cash on Delivery,Cancelled
ORD00503,CUST0041,2024-03-01,PROD0162,Novel,Books,5,134.2,PayPal,Pending
ORD00504,CUST0170,2024-07-27,PROD0172,Refrigerator,Home Appliances,2,611.06,Cash on Delivery,Returned
ORD00505,CUST0040,2023-10-30,PROD0145,Jeans,Fashion,5,68.94,PayPal,Delivered
ORD00506,CUST0090,2023-07-28,PROD0092,Smartphone,Electronics,1,524.05,PayPal,Cancelled
ORD00507,CUST0148,2023-08-21,PROD0197,Notebook,Stationery,5,788.88,Credit Card,Returned
ORD00508,CUST0132,2023-07-28,PROD0023,Smartphone,Electronics,3,103.41,PayPal,Delivered
ORD00509,CUST0269,2025-07-04,PROD0001,Headphones,Electronics,2,89.4,Credit Card,Returned
ORD00510,CUST0263,2023-06-01,PROD0158,Notebook,Stationery,5,280.23,UPI,Shipped
ORD00511,CUST0096,2024-09-17,PROD0003,Pen,Stationery,3,548.75,Cash on Delivery,Delivered
ORD00512,CUST0074,2023-10-01,PROD0105,Smartphone,Electronics,5,662.82,Debit Card,Returned
ORD00513,CUST0081,2023-07-04,PROD0112,Headphones,Electronics,5,429.6,Debit Card,Delivered
ORD00514,CUST0261,2023-10-07,PROD0018,Sneakers,Fashion,1,169.12,Debit Card,Pending
ORD00515,CUST0212,2024-03-05,PROD0195,T-shirt,Fashion,1,717.83,UPI,Pending
ORD00516,CUST0254,2024-09-10,PROD0069,Refrigerator,Home Appliances,4,543.56,PayPal,Returned
ORD00517,CUST0116,2023-07-12,PROD0035,Smartphone,Electronics,5,821.51,Cash on Delivery,Returned
ORD00518,CUST0204,2023-11-09,PROD0058,Smartphone,Electronics,3,224.46,Credit Card,Cancelled
ORD00519,CUST0265,2024-12-03,PROD0049,T-shirt,Fashion,5,66.47,Cash on Delivery,Shipped
ORD00520,CUST0247,2024-10-23,PROD0008,Microwave,Home Appliances,2,168.01,PayPal,Returned
ORD00521,CUST0233,2024-12-17,PROD0139,Novel,Books,2,432.57,Credit Card,Cancelled
ORD00522,CUST0067,2025-01-03,PROD0018,Smartphone,Electronics,1,121.43,Debit Card,Shipped
ORD00523,CUST0229,2023-04-13,PROD0182,Sneakers,Fashion,1,359.65,PayPal,Delivered
ORD00524,CUST0156,2023-11-29,PROD0178,Smartphone,Electronics,4,756.09,Cash on Delivery,Returned
ORD00525,CUST0091,2023-10-23,PROD0155,Notebook,Stationery,3,202.52,Credit Card,Pending
ORD00526,CUST0136,2024-03-21,PROD0195,Smartphone,Electronics,1,76.76,Debit Card,Returned
ORD00527,CUST0068,2024-01-22,PROD0057,Refrigerator,Home Appliances,5,287.02,PayPal,Shipped
ORD00528,CUST0116,2023-01-26,PROD0055,Laptop,Electronics,2,725.42,Credit Card,Shipped
ORD00529,CUST0210,2024-06-10,PROD0143,Microwave,Home Appliances,1,75.86,PayPal,Pending
ORD00530,CUST0030,2025-01-18,PROD0128,Laptop,Electronics,4,246.3,UPI,Returned
ORD00531,CUST0082,2023-12-24,PROD0194,Sneakers,Fashion,2,365.49,Cash on Delivery,Delivered
ORD00532,CUST0079,2023-12-05,PROD0187,T-shirt,Fashion,1,830.52,Cash on Delivery,Shipped
ORD00533,CUST0070,2023-09-11,PROD0017,Sneakers,Fashion,2,457.76,Debit Card,Delivered
ORD00534,CUST0228,2023-03-05,PROD0188,Notebook,Stationery,3,816.61,PayPal,Delivered
ORD00535,CUST0079,2023-03-05,PROD0095,Refrigerator,Home Appliances,3,350.45,Cash on Delivery,Pending
ORD00536,CUST0146,2023-10-14,PROD0075,Refrigerator,Home Appliances,1,699.58,Debit Card,Delivered
ORD00537,CUST0300,2023-01-17,PROD0136,Laptop,Electronics,1,59.02,Debit Card,Shipped
ORD00538,CUST0016,2024-09-15,PROD0103,Notebook,Stationery,1,453.85,PayPal,Delivered
ORD00539,CUST0188,2023-12-11,PROD0027,Microwave,Home Appliances,2,569.59,Cash on Delivery,Cancelled
ORD00540,CUST0096,2024-08-26,PROD0140,Jeans,Fashion,2,998.29,PayPal,Pending
ORD00541,CUST0043,2024-09-15,PROD0145,Pen,Stationery,4,64.74,UPI,Shipped
ORD00542,CUST0037,2023-02-01,PROD0137,Smartphone,Electronics,1,107.94,PayPal,Cancelled
ORD00543,CUST0275,2023-10-09,PROD0028,Headphones,Electronics,2,604.88,Credit Card,Shipped
ORD00544,CUST0057,2023-07-13,PROD0086,Microwave,Home Appliances,2,93.42,Credit Card,Pending
ORD00545,CUST0180,2023-06-15,PROD0169,Novel,Books,4,864.44,Cash on Delivery,Delivered
ORD00546,CUST0227,2025-03-09,PROD0050,Microwave,Home Appliances,2,179.32,Debit Card,Shipped
ORD00547,CUST0214,2024-03-20,PROD0035,Refrigerator,Home Appliances,5,99.88,Cash on Delivery,Returned
ORD00548,CUST0291,2023-06-10,PROD0037,Refrigerator,Home Appliances,3,831.46,Cash on Delivery,Delivered
ORD00549,CUST0190,2024-12-16,PROD0200,Sneakers,Fashion,3,37.8,Credit Card,Pending
ORD00550,CUST0250,2023-12-06,PROD0173,Pen,Stationery,3,588.05,Credit Card,Cancelled
ORD00551,CUST0221,2025-06-07,PROD0108,Jeans,Fashion,2,228.77,Credit Card,Delivered
ORD00552,CUST0278,2025-05-31,PROD0199,Pen,Stationery,5,974.44,Debit Card,Cancelled
ORD00553,CUST0222,2024-02-20,PROD0090,Refrigerator,Home Appliances,5,19.62,UPI,Cancelled
ORD00554,CUST0066,2023-06-06,PROD0169,Microwave,Home Appliances,4,999.86,UPI,Cancelled
ORD00555,CUST0071,2024-08-12,PROD0192,Smartphone,Electronics,2,671.51,Credit Card,Pending
ORD00556,CUST0192,2023-04-11,PROD0132,Refrigerator,Home Appliances,3,732.63,UPI,Returned
ORD00557,CUST0242,2023-05-19,PROD0187,Novel,Books,2,636.24,Debit Card,Pending
ORD00558,CUST0003,2023-03-26,PROD0035,Pen,Stationery,4,251.55,PayPal,Cancelled
ORD00559,CUST0277,2024-02-07,PROD0065,Laptop,Electronics,1,774.69,Cash on Delivery,Shipped
ORD00560,CUST0058,2024-04-05,PROD0154,Smartphone,Electronics,3,821.58,Cash on Delivery,Delivered
ORD00561,CUST0114,2025-05-11,PROD0133,Refrigerator,Home Appliances,5,189.89,Cash on Delivery,Returned
ORD00562,CUST0184,2024-01-25,PROD0145,Sneakers,Fashion,2,402.28,Debit Card,Delivered
ORD00563,CUST0260,2023-11-15,PROD0109,Notebook,Stationery,2,609.26,UPI,Shipped
ORD00564,CUST0062,2023-04-08,PROD0049,Headphones,Electronics,3,986.39,UPI,Pending
ORD00565,CUST0235,2023-08-18,PROD0200,Pen,Stationery,5,66.0,PayPal,Pending
ORD00566,CUST0050,2024-05-26,PROD0091,Headphones,Electronics,2,408.16,Credit Card,Returned
ORD00567,CUST0254,2025-07-02,PROD0114,Laptop,Electronics,4,570.39,PayPal,Returned
ORD00568,CUST0257,2023-04-07,PROD0137,Smartphone,Electronics,3,902.1,UPI,Shipped
ORD00569,CUST0122,2024-03-08,PROD0099,Laptop,Electronics,3,330.47,UPI,Returned
ORD00570,CUST0103,2023-02-28,PROD0092,Refrigerator,Home Appliances,1,392.34,Debit Card,Shipped
ORD00571,CUST0012,2024-10-22,PROD0020,Refrigerator,Home Appliances,2,619.99,Debit Card,Pending
ORD00572,CUST0022,2024-12-23,PROD0063,Novel,Books,3,322.73,PayPal,Shipped
ORD00573,CUST0228,2024-09-23,PROD0013,Jeans,Fashion,1,316.62,Debit Card,Shipped
ORD00574,CUST0119,2025-04-24,PROD0048,Jeans,Fashion,4,329.59,PayPal,Returned
ORD00575,CUST0061,2023-12-11,PROD0018,Microwave,Home Appliances,2,534.36,Cash on Delivery,Shipped
ORD00576,CUST0142,2024-05-10,PROD0058,Microwave,Home Appliances,5,874.99,Credit Card,Shipped
ORD00577,CUST0012,2023-08-20,PROD0182,T-shirt,Fashion,1,596.79,Credit Card,Shipped
ORD00578,CUST0133,2024-11-29,PROD0133,Notebook,Stationery,3,737.71,Cash on Delivery,Cancelled
ORD00579,CUST0071,2024-12-30,PROD0015,Microwave,Home Appliances,3,833.98,Credit Card,Returned
ORD00580,CUST0069,2024-12-13,PROD0127,Smartphone,Electronics,5,626.74,Credit Card,Shipped
ORD00581,CUST0218,2023-08-31,PROD0055,Headphones,Electronics,1,702.86,PayPal,Cancelled
ORD00582,CUST0239,2023-11-21,PROD0198,Sneakers,Fashion,5,133.08,Debit Card,Pending
ORD00583,CUST0151,2024-06-06,PROD0181,Novel,Books,2,284.49,Debit Card,Cancelled
ORD00584,CUST0038,2024-10-19,PROD0170,Novel,Books,1,691.43,Debit Card,Shipped
ORD00585,CUST0148,2023-09-24,PROD0001,Sneakers,Fashion,1,586.37,Cash on Delivery,Delivered
ORD00586,CUST0077,2024-06-03,PROD0018,Sneakers,Fashion,1,887.12,Debit Card,Pending
ORD00587,CUST0223,2024-11-11,PROD0017,Microwave,Home Appliances,2,326.96,PayPal,Returned
ORD00588,CUST0242,2023-01-14,PROD0170,Jeans,Fashion,1,149.7,Cash on Delivery,Cancelled
ORD00589,CUST0165,2024-09-28,PROD0166,Microwave,Home Appliances,2,94.16,Credit Card,Shipped
ORD00590,CUST0200,2025-05-25,PROD0087,Sneakers,Fashion,2,275.57,Credit Card,Delivered
ORD00591,CUST0043,2024-06-14,PROD0005,Refrigerator,Home Appliances,1,567.85,Debit Card,Pending
ORD00592,CUST0113,2023-05-25,PROD0128,Blender,Home Appliances,5,630.19,UPI,Pending
ORD00593,CUST0019,2024-04-27,PROD0175,T-shirt,Fashion,1,268.05,Cash on Delivery,Returned
ORD00594,CUST0101,2024-01-13,PROD0107,Smartphone,Electronics,3,866.87,UPI,Shipped
ORD00595,CUST0039,2024-03-06,PROD0078,Pen,Stationery,5,688.39,UPI,Pending
ORD00596,CUST0294,2024-04-26,PROD0145,Jeans,Fashion,1,947.45,Debit Card,Delivered
ORD00597,CUST0043,2024-04-06,PROD0174,Laptop,Electronics,1,390.19,UPI,Pending
ORD00598,CUST0049,2023-07-21,PROD0062,Microwave,Home Appliances,4,645.16,UPI,Delivered
ORD00599,CUST0298,2023-10-11,PROD0057,Novel,Books,2,173.69,Debit Card,Pending
ORD00600,CUST0164,2023-07-16,PROD0014,Pen,Stationery,1,13.42,UPI,Cancelled
ORD00601,CUST0016,2025-04-20,PROD0116,Novel,Books,1,949.71,Credit Card,Returned
ORD00602,CUST0111,2023-05-18,PROD0196,Sneakers,Fashion,5,982.26,Debit Card,Delivered
ORD00603,CUST0009,2023-09-23,PROD0040,Jeans,Fashion,4,617.69,Debit Card,Delivered
ORD00604,CUST0264,2025-04-22,PROD0114,Blender,Home Appliances,5,473.09,PayPal,Returned
ORD00605,CUST0094,2024-12-21,PROD0103,Refrigerator,Home Appliances,4,589.99,PayPal,Pending
ORD00606,CUST0108,2025-07-14,PROD0111,Blender,Home Appliances,4,89.46,Debit Card,Returned
ORD00607,CUST0010,2023-05-27,PROD0071,Microwave,Home Appliances,1,612.94,Credit Card,Delivered
ORD00608,CUST0171,2023-07-27,PROD0002,Laptop,Electronics,3,741.56,Credit Card,Shipped
ORD00609,CUST0267,2024-06-29,PROD0012,Laptop,Electronics,4,287.47,UPI,Returned
ORD00610,CUST0259,2023-05-23,PROD0148,Refrigerator,Home Appliances,1,853.06,UPI,Pending
ORD00611,CUST0290,2023-08-17,PROD0043,Blender,Home Appliances,2,369.26,Debit Card,Cancelled
ORD00612,CUST0028,2024-09-20,PROD0028,Sneakers,Fashion,3,758.13,PayPal,Delivered
ORD00613,CUST0063,2024-10-10,PROD0153,Pen,Stationery,3,441.31,Cash on Delivery,Shipped
ORD00614,CUST0224,2024-03-19,PROD0117,Jeans,Fashion,3,728.99,PayPal,Cancelled
ORD00615,CUST0151,2024-02-01,PROD0149,Sneakers,Fashion,4,634.58,Debit Card,Delivered
ORD00616,CUST0098,2024-11-24,PROD0179,Novel,Books,2,241.65,Cash on Delivery,Shipped
ORD00617,CUST0063,2024-06-27,PROD0009,Sneakers,Fashion,3,268.02,Debit Card,Pending
ORD00618,CUST0282,2025-02-05,PROD0048,Smartphone,Electronics,1,290.38,PayPal,Cancelled
ORD00619,CUST0060,2023-06-26,PROD0100,Smartphone,Electronics,4,19.99,UPI,Returned
ORD00620,CUST0043,2023-06-09,PROD0041,Headphones,Electronics,5,27.37,UPI,Shipped
ORD00621,CUST0032,2024-07-29,PROD0065,Jeans,Fashion,3,112.75,Cash on Delivery,Shipped
ORD00622,CUST0287,2025-02-04,PROD0136,Headphones,Electronics,2,56.12,Cash on Delivery,Returned
ORD00623,CUST0010,2024-08-07,PROD0034,Refrigerator,Home Appliances,3,313.93,Cash on Delivery,Pending
ORD00624,CUST0265,2025-05-16,PROD0126,Smartphone,Electronics,1,24.82,Credit Card,Shipped
ORD00625,CUST0127,2024-11-13,PROD0083,T-shirt,Fashion,2,783.69,Cash on Delivery,Delivered
ORD00626,CUST0170,2024-06-16,PROD0036,Smartphone,Electronics,3,162.27,Credit Card,Cancelled
ORD00627,CUST0264,2024-07-04,PROD0042,Headphones,Electronics,1,325.31,UPI,Cancelled
ORD00628,CUST0048,2025-05-03,PROD0130,Blender,Home Appliances,5,471.26,Credit Card,Pending
ORD00629,CUST0264,2023-10-02,PROD0041,Microwave,Home Appliances,1,54.59,Cash on Delivery,Pending
ORD00630,CUST0205,2025-05-07,PROD0001,Novel,Books,4,592.16,Credit Card,Pending
ORD00631,CUST0087,2023-02-16,PROD0070,Laptop,Electronics,2,889.31,UPI,Pending
ORD00632,CUST0287,2023-06-11,PROD0006,Refrigerator,Home Appliances,5,85.44,PayPal,Cancelled
ORD00633,CUST0177,2025-05-03,PROD0026,Pen,Stationery,2,843.83,Debit Card,Pending
ORD00634,CUST0245,2025-06-27,PROD0091,Blender,Home Appliances,2,605.62,Debit Card,Cancelled
ORD00635,CUST0203,2024-02-22,PROD0186,Jeans,Fashion,5,557.05,PayPal,Pending
ORD00636,CUST0179,2023-08-29,PROD0084,Headphones,Electronics,5,169.13,Debit Card,Cancelled
ORD00637,CUST0093,2025-03-02,PROD0002,Headphones,Electronics,3,210.38,UPI,Pending
ORD00638,CUST0266,2024-03-01,PROD0046,Laptop,Electronics,5,166.11,PayPal,Cancelled
ORD00639,CUST0010,2023-04-25,PROD0038,Pen,Stationery,3,304.07,Debit Card,Returned
ORD00640,CUST0259,2023-07-23,PROD0195,Smartphone,Electronics,4,645.04,Debit Card,Shipped
ORD00641,CUST0006,2024-08-20,PROD0191,Jeans,Fashion,3,39.19,Cash on Delivery,Delivered
ORD00642,CUST0083,2025-05-11,PROD0038,Blender,Home Appliances,1,943.69,Cash on Delivery,Delivered
ORD00643,CUST0245,2025-05-25,PROD0119,Blender,Home Appliances,4,464.2,Cash on Delivery,Cancelled
ORD00644,CUST0106,2023-07-10,PROD0131,Novel,Books,2,653.72,PayPal,Delivered
ORD00645,CUST0150,2023-09-17,PROD0181,Jeans,Fashion,1,471.36,PayPal,Delivered
ORD00646,CUST0085,2023-10-19,PROD0043,Blender,Home Appliances,2,524.71,Credit Card,Cancelled
ORD00647,CUST0052,2023-02-10,PROD0193,Notebook,Stationery,2,511.77,UPI,Delivered
ORD00648,CUST0168,2024-04-16,PROD0098,Notebook,Stationery,5,213.72,Debit Card,Returned
ORD00649,CUST0001,2024-09-20,PROD0151,T-shirt,Fashion,4,98.08,UPI,Pending
ORD00650,CUST0076,2024-08-31,PROD0062,Pen,Stationery,5,937.49,Credit Card,Shipped
ORD00651,CUST0103,2024-01-23,PROD0154,Microwave,Home Appliances,2,364.27,UPI,Shipped
ORD00652,CUST0064,2025-03-12,PROD0104,Laptop,Electronics,2,372.61,Credit Card,Shipped
ORD00653,CUST0143,2023-09-15,PROD0074,Refrigerator,Home Appliances,4,317.84,Cash on Delivery,Shipped
ORD00654,CUST0149,2024-07-19,PROD0068,Notebook,Stationery,2,591.13,UPI,Delivered
ORD00655,CUST0197,2023-10-04,PROD0056,Jeans,Fashion,5,758.13,UPI,Pending
ORD00656,CUST0106,2024-12-28,PROD0193,Jeans,Fashion,1,525.42,Debit Card,Shipped
ORD00657,CUST0237,2023-04-03,PROD0008,Novel,Books,5,153.94,UPI,Pending
ORD00658,CUST0190,2024-06-21,PROD0144,Smartphone,Electronics,4,609.91,Credit Card,Shipped
ORD00659,CUST0201,2024-08-18,PROD0063,Refrigerator,Home Appliances,4,63.85,UPI,Delivered
ORD00660,CUST0013,2023-04-19,PROD0101,Novel,Books,1,838.98,PayPal,Pending
ORD00661,CUST0039,2023-10-08,PROD0065,Pen,Stationery,2,316.83,Cash on Delivery,Shipped
ORD00662,CUST0110,2023-01-02,PROD0052,Jeans,Fashion,1,259.54,PayPal,Delivered
ORD00663,CUST0114,2023-02-27,PROD0011,Smartphone,Electronics,5,658.66,PayPal,Cancelled
ORD00664,CUST0229,2023-10-24,PROD0015,T-shirt,Fashion,5,716.33,Cash on Delivery,Delivered
ORD00665,CUST0277,2023-01-26,PROD0070,Refrigerator,Home Appliances,5,508.06,Debit Card,Delivered
ORD00666,CUST0078,2023-09-13,PROD0184,Headphones,Electronics,2,99.58,Credit Card,Cancelled
ORD00667,CUST0247,2024-05-30,PROD0107,Pen,Stationery,2,682.6,Debit Card,Pending
ORD00668,CUST0275,2024-07-10,PROD0033,Smartphone,Electronics,2,154.69,Cash on Delivery,Shipped
ORD00669,CUST0147,2023-06-07,PROD0184,Novel,Books,4,732.14,Debit Card,Returned
ORD00670,CUST0081,2023-01-08,PROD0053,Jeans,Fashion,2,174.37,Credit Card,Shipped
ORD00671,CUST0219,2024-04-23,PROD0096,Smartphone,Electronics,2,899.75,PayPal,Pending
ORD00672,CUST0104,2023-03-12,PROD0044,Sneakers,Fashion,5,334.35,Debit Card,Delivered
ORD00673,CUST0191,2025-07-09,PROD0107,Headphones,Electronics,1,239.36,UPI,Cancelled
ORD00674,CUST0139,2024-12-01,PROD0123,Notebook,Stationery,2,926.48,Cash on Delivery,Cancelled
ORD00675,CUST0014,2023-02-25,PROD0106,Microwave,Home Appliances,5,360.74,Debit Card,Delivered
ORD00676,CUST0191,2025-02-12,PROD0198,Smartphone,Electronics,5,38.73,Debit Card,Shipped
ORD00677,CUST0256,2024-06-30,PROD0055,Headphones,Electronics,1,496.28,UPI,Returned
ORD00678,CUST0240,2024-11-22,PROD0024,Jeans,Fashion,1,795.54,Credit Card,Returned
ORD00679,CUST0244,2023-02-20,PROD0038,Pen,Stationery,4,468.73,UPI,Cancelled
ORD00680,CUST0042,2024-01-04,PROD0001,Headphones,Electronics,4,347.59,Cash on Delivery,Shipped
ORD00681,CUST0150,2023-08-04,PROD0137,Laptop,Electronics,5,771.05,Cash on Delivery,Delivered
ORD00682,CUST0093,2025-01-11,PROD0112,Novel,Books,4,475.96,Credit Card,Cancelled
ORD00683,CUST0087,2024-09-28,PROD0095,Refrigerator,Home Appliances,1,176.47,UPI,Shipped
ORD00684,CUST0230,2025-02-22,PROD0163,Microwave,Home Appliances,5,169.1,Credit Card,Cancelled
ORD00685,CUST0171,2025-01-23,PROD0115,Sneakers,Fashion,2,941.51,Debit Card,Shipped
ORD00686,CUST0269,2023-11-26,PROD0076,Microwave,Home Appliances,1,972.26,UPI,Pending
ORD00687,CUST0172,2023-05-02,PROD0155,T-shirt,Fashion,5,169.43,UPI,Delivered
ORD00688,CUST0187,2023-05-19,PROD0198,Novel,Books,5,144.44,Debit Card,Shipped
ORD00689,CUST0260,2023-10-28,PROD0038,Laptop,Electronics,5,366.0,PayPal,Returned
ORD00690,CUST0263,2024-09-25,PROD0189,T-shirt,Fashion,3,713.11,PayPal,Pending
ORD00691,CUST0166,2023-09-13,PROD0166,Pen,Stationery,2,397.12,Credit Card,Delivered
ORD00692,CUST0288,2025-07-23,PROD0145,Blender,Home Appliances,4,720.88,Debit Card,Cancelled
ORD00693,CUST0050,2025-05-28,PROD0108,Jeans,Fashion,5,807.12,UPI,Delivered
ORD00694,CUST0179,2024-06-17,PROD0060,Refrigerator,Home Appliances,4,251.41,Credit Card,Pending
ORD00695,CUST0052,2023-10-13,PROD0142,Smartphone,Electronics,2,330.41,Debit Card,Cancelled
ORD00696,CUST0072,2023-11-03,PROD0146,Novel,Books,5,642.04,PayPal,Returned
ORD00697,CUST0171,2025-02-03,PROD0007,Pen,Stationery,2,953.75,Credit Card,Pending
ORD00698,CUST0221,2023-05-21,PROD0098,Notebook,Stationery,5,67.23,UPI,Delivered
ORD00699,CUST0269,2024-01-20,PROD0063,Jeans,Fashion,4,865.11,Cash on Delivery,Cancelled
ORD00700,CUST0278,2023-04-30,PROD0028,Sneakers,Fashion,5,464.08,Debit Card,Returned
ORD00701,CUST0126,2024-10-21,PROD0150,Sneakers,Fashion,2,892.12,Cash on Delivery,Pending
ORD00702,CUST0082,2023-03-18,PROD0040,Laptop,Electronics,2,794.27,Cash on Delivery,Cancelled
ORD00703,CUST0087,2024-02-09,PROD0045,T-shirt,Fashion,2,279.03,PayPal,Pending
ORD00704,CUST0141,2023-05-07,PROD0081,Headphones,Electronics,4,850.47,PayPal,Cancelled
ORD00705,CUST0185,2023-08-15,PROD0012,Headphones,Electronics,5,477.24,UPI,Returned
ORD00706,CUST0095,2025-06-01,PROD0097,Novel,Books,3,300.82,Cash on Delivery,Shipped
ORD00707,CUST0104,2024-04-08,PROD0052,Pen,Stationery,5,936.39,Credit Card,Cancelled
ORD00708,CUST0006,2023-12-13,PROD0145,Microwave,Home Appliances,1,904.7,UPI,Shipped
ORD00709,CUST0190,2024-01-19,PROD0190,Refrigerator,Home Appliances,4,833.4,Cash on Delivery,Cancelled
ORD00710,CUST0028,2024-10-28,PROD0107,Jeans,Fashion,5,522.62,Cash on Delivery,Returned
ORD00711,CUST0070,2025-07-02,PROD0125,Sneakers,Fashion,4,946.86,Debit Card,Pending
ORD00712,CUST0057,2024-12-16,PROD0145,Microwave,Home Appliances,5,528.87,UPI,Delivered
ORD00713,CUST0223,2024-07-31,PROD0066,Pen,Stationery,2,23.14,PayPal,Shipped
ORD00714,CUST0160,2025-04-11,PROD0145,Novel,Books,1,889.13,Debit Card,Delivered
ORD00715,CUST0070,2024-02-29,PROD0189,Smartphone,Electronics,2,684.27,Cash on Delivery,Delivered
ORD00716,CUST0274,2023-01-27,PROD0035,Sneakers,Fashion,2,613.43,Debit Card,Cancelled
ORD00717,CUST0041,2023-12-08,PROD0136,Refrigerator,Home Appliances,1,64.8,PayPal,Delivered
ORD00718,CUST0020,2025-06-01,PROD0023,Laptop,Electronics,4,561.31,Debit Card,Delivered
ORD00719,CUST0191,2024-07-16,PROD0054,Jeans,Fashion,3,460.63,Credit Card,Delivered
ORD00720,CUST0097,2024-03-13,PROD0172,Blender,Home Appliances,4,274.66,PayPal,Delivered
ORD00721,CUST0163,2023-03-09,PROD0121,Laptop,Electronics,1,106.72,UPI,Delivered
ORD00722,CUST0032,2024-10-03,PROD0105,Headphones,Electronics,3,891.79,Credit Card,Returned
ORD00723,CUST0272,2024-01-07,PROD0165,Jeans,Fashion,1,774.62,Debit Card,Returned
ORD00724,CUST0187,2025-07-21,PROD0135,Headphones,Electronics,4,339.34,Credit Card,Shipped
ORD00725,CUST0094,2025-03-03,PROD0059,Smartphone,Electronics,5,905.26,Cash on Delivery,Cancelled
ORD00726,CUST0213,2024-09-13,PROD0156,Novel,Books,2,105.34,Credit Card,Shipped
ORD00727,CUST0090,2025-06-25,PROD0157,Novel,Books,3,569.34,PayPal,Delivered
ORD00728,CUST0293,2024-08-08,PROD0008,Headphones,Electronics,3,427.12,Cash on Delivery,Pending
ORD00729,CUST0188,2025-05-29,PROD0082,Pen,Stationery,2,164.63,PayPal,Pending
ORD00730,CUST0076,2023-09-03,PROD0063,Jeans,Fashion,3,154.41,UPI,Cancelled
ORD00731,CUST0156,2024-11-07,PROD0168,Blender,Home Appliances,3,221.41,UPI,Cancelled
ORD00732,CUST0222,2025-01-29,PROD0009,Notebook,Stationery,4,720.84,Credit Card,Returned
ORD00733,CUST0093,2025-05-29,PROD0053,Headphones,Electronics,1,134.67,Credit Card,Returned
ORD00734,CUST0091,2023-12-03,PROD0116,Jeans,Fashion,2,37.22,Cash on Delivery,Pending
ORD00735,CUST0266,2023-09-30,PROD0098,Notebook,Stationery,5,572.16,UPI,Returned
ORD00736,CUST0110,2025-03-17,PROD0045,Jeans,Fashion,4,455.47,Cash on Delivery,Delivered
ORD00737,CUST0176,2023-04-29,PROD0001,Sneakers,Fashion,3,253.86,Credit Card,Cancelled
ORD00738,CUST0200,2023-11-06,PROD0012,Novel,Books,3,356.09,Credit Card,Shipped
ORD00739,CUST0276,2024-02-21,PROD0150,Microwave,Home Appliances,4,217.81,PayPal,Delivered
ORD00740,CUST0169,2023-10-26,PROD0167,Jeans,Fashion,3,157.59,Debit Card,Cancelled
ORD00741,CUST0212,2025-02-15,PROD0144,Pen,Stationery,4,258.75,Debit Card,Cancelled
ORD00742,CUST0131,2023-01-28,PROD0108,Jeans,Fashion,4,171.8,Credit Card,Delivered
ORD00743,CUST0193,2023-08-23,PROD0093,Smartphone,Electronics,4,475.68,UPI,Returned
ORD00744,CUST0248,2023-08-21,PROD0177,Blender,Home Appliances,4,608.11,UPI,Pending
ORD00745,CUST0092,2023-04-11,PROD0066,Pen,Stationery,1,80.76,UPI,Shipped
ORD00746,CUST0121,2025-02-14,PROD0170,Sneakers,Fashion,1,432.93,Debit Card,Returned
ORD00747,CUST0121,2025-06-10,PROD0178,Laptop,Electronics,4,947.28,Cash on Delivery,Returned
ORD00748,CUST0144,2023-06-26,PROD0061,Notebook,Stationery,1,601.47,Credit Card,Cancelled
ORD00749,CUST0153,2025-06-27,PROD0149,Jeans,Fashion,5,414.99,PayPal,Pending
ORD00750,CUST0190,2025-04-28,PROD0038,Laptop,Electronics,4,346.88,PayPal,Pending
ORD00751,CUST0133,2025-04-16,PROD0128,Pen,Stationery,1,734.17,UPI,Delivered
ORD00752,CUST0258,2023-05-01,PROD0095,T-shirt,Fashion,2,890.01,Cash on Delivery,Shipped
ORD00753,CUST0095,2025-06-05,PROD0146,T-shirt,Fashion,1,497.59,PayPal,Returned
ORD00754,CUST0210,2024-12-28,PROD0133,Laptop,Electronics,5,539.24,Debit Card,Shipped
ORD00755,CUST0269,2024-06-28,PROD0086,Sneakers,Fashion,5,441.88,UPI,Cancelled
ORD00756,CUST0030,2024-10-02,PROD0044,Headphones,Electronics,3,297.43,UPI,Returned
ORD00757,CUST0049,2025-03-21,PROD0015,Smartphone,Electronics,3,748.73,UPI,Returned
ORD00758,CUST0257,2023-12-18,PROD0022,Notebook,Stationery,1,830.92,Debit Card,Delivered
ORD00759,CUST0079,2024-10-16,PROD0085,Smartphone,Electronics,1,654.16,Credit Card,Returned
ORD00760,CUST0248,2023-05-16,PROD0117,Notebook,Stationery,4,504.85,Credit Card,Returned
ORD00761,CUST0271,2024-07-24,PROD0072,Novel,Books,5,699.7,Debit Card,Pending
ORD00762,CUST0077,2023-12-14,PROD0126,Laptop,Electronics,5,891.69,UPI,Cancelled
ORD00763,CUST0224,2023-08-10,PROD0038,Sneakers,Fashion,3,484.45,Cash on Delivery,Shipped
ORD00764,CUST0155,2023-02-28,PROD0020,Pen,Stationery,3,673.73,PayPal,Shipped
ORD00765,CUST0257,2024-10-05,PROD0079,Refrigerator,Home Appliances,1,625.12,Cash on Delivery,Shipped
ORD00766,CUST0246,2023-03-08,PROD0180,Sneakers,Fashion,4,154.49,Credit Card,Pending
ORD00767,CUST0095,2024-06-24,PROD0047,Headphones,Electronics,3,916.86,UPI,Shipped
ORD00768,CUST0204,2023-12-21,PROD0182,Refrigerator,Home Appliances,1,54.19,Debit Card,Cancelled
ORD00769,CUST0121,2024-05-20,PROD0091,Jeans,Fashion,5,69.63,PayPal,Delivered
ORD00770,CUST0271,2025-03-07,PROD0039,Smartphone,Electronics,5,74.29,Credit Card,Shipped
ORD00771,CUST0207,2024-06-28,PROD0004,Smartphone,Electronics,3,874.07,Credit Card,Cancelled
ORD00772,CUST0153,2024-11-22,PROD0160,Novel,Books,4,909.28,Credit Card,Pending
ORD00773,CUST0099,2025-06-07,PROD0184,Jeans,Fashion,3,991.88,Credit Card,Pending
ORD00774,CUST0047,2024-05-14,PROD0125,T-shirt,Fashion,1,594.55,Cash on Delivery,Returned
ORD00775,CUST0147,2023-09-10,PROD0012,Jeans,Fashion,1,696.64,Cash on Delivery,Shipped
ORD00776,CUST0169,2025-06-22,PROD0166,Notebook,Stationery,1,523.69,Cash on Delivery,Delivered
ORD00777,CUST0151,2025-04-15,PROD0013,Blender,Home Appliances,1,575.66,Cash on Delivery,Returned
ORD00778,CUST0248,2025-08-01,PROD0019,Refrigerator,Home Appliances,3,898.15,Cash on Delivery,Returned
ORD00779,CUST0235,2023-01-01,PROD0156,Jeans,Fashion,1,192.13,PayPal,Returned
ORD00780,CUST0073,2023-12-27,PROD0061,Headphones,Electronics,2,217.16,UPI,Cancelled
ORD00781,CUST0167,2024-07-04,PROD0002,Headphones,Electronics,1,597.95,PayPal,Delivered
ORD00782,CUST0265,2024-03-21,PROD0127,Notebook,Stationery,4,126.81,UPI,Cancelled
ORD00783,CUST0222,2023-08-13,PROD0108,Notebook,Stationery,5,287.46,UPI,Cancelled
ORD00784,CUST0084,2024-12-06,PROD0108,Smartphone,Electronics,4,144.81,PayPal,Pending
ORD00785,CUST0058,2023-09-07,PROD0070,Pen,Stationery,2,892.82,Credit Card,Shipped
ORD00786,CUST0056,2024-02-08,PROD0184,Refrigerator,Home Appliances,3,222.65,UPI,Returned
ORD00787,CUST0015,2024-11-18,PROD0090,Sneakers,Fashion,2,958.25,UPI,Pending
ORD00788,CUST0115,2023-02-08,PROD0121,Smartphone,Electronics,5,887.31,UPI,Shipped
ORD00789,CUST0259,2024-06-28,PROD0192,Novel,Books,4,827.04,PayPal,Pending
ORD00790,CUST0226,2024-11-24,PROD0171,T-shirt,Fashion,3,277.32,Cash on Delivery,Pending
ORD00791,CUST0293,2025-03-18,PROD0062,Blender,Home Appliances,5,973.0,UPI,Delivered
ORD00792,CUST0281,2023-08-17,PROD0050,Notebook,Stationery,2,750.68,Debit Card,Delivered
ORD00793,CUST0059,2024-07-07,PROD0008,Laptop,Electronics,5,675.38,Cash on Delivery,Returned
ORD00794,CUST0043,2023-02-23,PROD0114,Jeans,Fashion,3,984.75,Cash on Delivery,Delivered
ORD00795,CUST0259,2023-01-06,PROD0172,Novel,Books,1,887.42,Credit Card,Pending
ORD00796,CUST0142,2024-11-03,PROD0107,Headphones,Electronics,5,963.97,Debit Card,Cancelled
ORD00797,CUST0045,2025-06-12,PROD0182,Sneakers,Fashion,3,529.44,Debit Card,Returned
ORD00798,CUST0255,2023-06-10,PROD0174,Refrigerator,Home Appliances,3,311.39,Credit Card,Cancelled
ORD00799,CUST0101,2023-10-29,PROD0089,Jeans,Fashion,1,726.2,Debit Card,Cancelled
ORD00800,CUST0150,2024-10-06,PROD0124,Notebook,Stationery,5,295.57,Cash on Delivery,Delivered
ORD00801,CUST0266,2024-05-11,PROD0106,Refrigerator,Home Appliances,3,551.44,Debit Card,Cancelled
ORD00802,CUST0146,2023-08-29,PROD0160,Jeans,Fashion,5,124.15,Cash on Delivery,Pending
ORD00803,CUST0085,2025-01-31,PROD0048,Laptop,Electronics,5,608.75,PayPal,Delivered
ORD00804,CUST0271,2024-07-19,PROD0057,Sneakers,Fashion,5,651.95,UPI,Cancelled
ORD00805,CUST0151,2024-03-02,PROD0038,Sneakers,Fashion,3,541.28,Credit Card,Cancelled
ORD00806,CUST0047,2024-07-22,PROD0049,Novel,Books,2,400.21,Credit Card,Shipped
ORD00807,CUST0148,2025-02-15,PROD0127,Sneakers,Fashion,1,472.01,Credit Card,Shipped
ORD00808,CUST0248,2024-11-10,PROD0072,T-shirt,Fashion,5,489.31,Debit Card,Shipped
ORD00809,CUST0042,2023-02-25,PROD0098,Sneakers,Fashion,4,722.62,Debit Card,Cancelled
ORD00810,CUST0210,2023-05-08,PROD0059,Smartphone,Electronics,2,891.11,PayPal,Returned
ORD00811,CUST0001,2025-04-22,PROD0008,Smartphone,Electronics,3,138.61,Cash on Delivery,Cancelled
ORD00812,CUST0168,2023-09-21,PROD0179,Jeans,Fashion,3,273.28,PayPal,Returned
ORD00813,CUST0153,2024-01-11,PROD0113,Notebook,Stationery,1,278.98,Debit Card,Returned
ORD00814,CUST0248,2024-12-01,PROD0146,Refrigerator,Home Appliances,3,448.22,Cash on Delivery,Shipped
ORD00815,CUST0139,2023-10-26,PROD0141,Blender,Home Appliances,1,510.47,Debit Card,Returned
ORD00816,CUST0176,2023-07-10,PROD0084,Novel,Books,5,990.12,Credit Card,Cancelled
ORD00817,CUST0264,2024-01-30,PROD0120,Sneakers,Fashion,1,610.05,Cash on Delivery,Shipped
ORD00818,CUST0282,2023-12-10,PROD0039,Blender,Home Appliances,1,424.51,Credit Card,Shipped
ORD00819,CUST0257,2023-04-02,PROD0179,Refrigerator,Home Appliances,5,369.35,Debit Card,Shipped
ORD00820,CUST0047,2025-02-23,PROD0032,Jeans,Fashion,1,411.8,UPI,Delivered
ORD00821,CUST0137,2024-05-23,PROD0169,Novel,Books,5,305.2,UPI,Pending
ORD00822,CUST0038,2024-07-30,PROD0132,T-shirt,Fashion,4,781.09,Credit Card,Delivered
ORD00823,CUST0009,2023-03-17,PROD0133,Sneakers,Fashion,3,848.05,Cash on Delivery,Cancelled
ORD00824,CUST0031,2023-04-02,PROD0172,Notebook,Stationery,4,643.83,Credit Card,Cancelled
ORD00825,CUST0234,2023-11-01,PROD0014,Jeans,Fashion,1,738.53,UPI,Shipped
ORD00826,CUST0091,2024-08-05,PROD0193,T-shirt,Fashion,4,582.55,PayPal,Cancelled
ORD00827,CUST0068,2024-09-01,PROD0033,Refrigerator,Home Appliances,3,479.85,Cash on Delivery,Delivered
ORD00828,CUST0285,2025-06-24,PROD0025,Notebook,Stationery,2,997.24,Cash on Delivery,Returned
ORD00829,CUST0090,2023-04-01,PROD0077,Refrigerator,Home Appliances,3,882.81,PayPal,Returned
ORD00830,CUST0053,2024-02-06,PROD0179,Notebook,Stationery,2,70.11,Cash on Delivery,Delivered
ORD00831,CUST0162,2023-09-17,PROD0186,Pen,Stationery,1,106.93,UPI,Cancelled
ORD00832,CUST0220,2024-02-20,PROD0109,Jeans,Fashion,5,859.03,PayPal,Cancelled
ORD00833,CUST0236,2024-11-23,PROD0055,Sneakers,Fashion,4,221.71,Debit Card,Shipped
ORD00834,CUST0167,2023-06-12,PROD0055,Blender,Home Appliances,1,757.27,PayPal,Shipped
ORD00835,CUST0211,2024-09-07,PROD0164,Notebook,Stationery,1,422.12,Debit Card,Shipped
ORD00836,CUST0247,2023-08-02,PROD0059,Headphones,Electronics,2,528.55,Credit Card,Delivered
ORD00837,CUST0141,2023-09-01,PROD0021,Sneakers,Fashion,1,711.34,Debit Card,Returned
ORD00838,CUST0220,2024-07-01,PROD0129,Sneakers,Fashion,3,762.25,PayPal,Delivered
ORD00839,CUST0085,2023-03-12,PROD0161,Laptop,Electronics,1,103.48,UPI,Cancelled
ORD00840,CUST0158,2024-05-07,PROD0182,Sneakers,Fashion,5,218.67,PayPal,Shipped
ORD00841,CUST0290,2024-04-16,PROD0192,Notebook,Stationery,2,116.28,Debit Card,Pending
ORD00842,CUST0241,2024-10-15,PROD0133,Pen,Stationery,2,437.57,Cash on Delivery,Pending
ORD00843,CUST0113,2023-06-13,PROD0007,T-shirt,Fashion,5,544.26,Debit Card,Shipped
ORD00844,CUST0055,2024-10-18,PROD0129,Novel,Books,1,369.39,UPI,Shipped
ORD00845,CUST0138,2023-01-27,PROD0192,Headphones,Electronics,1,68.17,Debit Card,Returned
ORD00846,CUST0082,2024-05-12,PROD0171,Blender,Home Appliances,1,233.57,PayPal,Delivered
ORD00847,CUST0021,2024-10-30,PROD0173,T-shirt,Fashion,4,982.31,UPI,Delivered
ORD00848,CUST0136,2024-08-11,PROD0057,Microwave,Home Appliances,5,380.23,Credit Card,Shipped
ORD00849,CUST0057,2023-05-30,PROD0100,Jeans,Fashion,5,339.63,Credit Card,Returned
ORD00850,CUST0231,2024-03-17,PROD0120,Microwave,Home Appliances,1,637.96,UPI,Cancelled
ORD00851,CUST0253,2024-03-20,PROD0157,Smartphone,Electronics,5,944.21,Cash on Delivery,Cancelled
ORD00852,CUST0177,2024-05-20,PROD0010,Smartphone,Electronics,1,156.66,Credit Card,Returned
ORD00853,CUST0255,2024-02-12,PROD0022,T-shirt,Fashion,4,266.55,Debit Card,Pending
ORD00854,CUST0215,2023-10-02,PROD0175,Pen,Stationery,5,566.04,Credit Card,Pending
ORD00855,CUST0165,2023-01-20,PROD0121,Pen,Stationery,3,746.06,PayPal,Shipped
ORD00856,CUST0098,2025-03-17,PROD0165,Refrigerator,Home Appliances,4,828.37,PayPal,Returned
ORD00857,CUST0027,2023-04-26,PROD0094,Novel,Books,3,319.13,Cash on Delivery,Returned
ORD00858,CUST0073,2025-07-27,PROD0034,Refrigerator,Home Appliances,2,644.78,Cash on Delivery,Cancelled
ORD00859,CUST0093,2025-07-29,PROD0175,Sneakers,Fashion,5,429.5,Credit Card,Cancelled
ORD00860,CUST0054,2023-04-11,PROD0148,Pen,Stationery,2,375.99,PayPal,Cancelled
ORD00861,CUST0161,2023-01-05,PROD0198,Refrigerator,Home Appliances,2,548.49,Cash on Delivery,Cancelled
ORD00862,CUST0115,2024-11-23,PROD0026,Pen,Stationery,4,732.8,UPI,Pending
ORD00863,CUST0278,2024-12-13,PROD0177,Pen,Stationery,4,476.19,Credit Card,Pending
ORD00864,CUST0261,2023-04-09,PROD0048,Jeans,Fashion,1,421.62,Credit Card,Shipped
ORD00865,CUST0043,2023-12-03,PROD0172,Novel,Books,4,300.43,Cash on Delivery,Shipped
ORD00866,CUST0254,2025-07-28,PROD0037,Refrigerator,Home Appliances,5,237.41,Credit Card,Pending
ORD00867,CUST0275,2024-12-17,PROD0117,Refrigerator,Home Appliances,2,754.61,Debit Card,Cancelled
ORD00868,CUST0087,2023-06-14,PROD0161,Laptop,Electronics,3,555.43,UPI,Returned
ORD00869,CUST0231,2023-09-16,PROD0004,Jeans,Fashion,2,22.63,PayPal,Returned
ORD00870,CUST0019,2023-10-01,PROD0063,Smartphone,Electronics,4,756.11,Debit Card,Pending
ORD00871,CUST0300,2023-02-25,PROD0078,Sneakers,Fashion,4,860.76,UPI,Shipped
ORD00872,CUST0214,2024-11-28,PROD0067,Pen,Stationery,3,16.94,UPI,Shipped
ORD00873,CUST0119,2025-07-06,PROD0115,Blender,Home Appliances,5,472.53,Debit Card,Delivered
ORD00874,CUST0025,2025-03-31,PROD0053,Pen,Stationery,4,907.84,UPI,Pending
ORD00875,CUST0032,2024-06-07,PROD0021,Laptop,Electronics,5,482.15,Debit Card,Pending
ORD00876,CUST0298,2025-01-19,PROD0099,Laptop,Electronics,1,504.05,Credit Card,Returned
ORD00877,CUST0295,2024-10-14,PROD0103,Laptop,Electronics,3,393.84,Credit Card,Shipped
ORD00878,CUST0180,2024-05-13,PROD0087,Jeans,Fashion,5,890.52,Credit Card,Delivered
ORD00879,CUST0180,2025-02-06,PROD0047,Sneakers,Fashion,1,499.83,PayPal,Delivered
ORD00880,CUST0091,2023-07-16,PROD0127,Laptop,Electronics,3,577.54,PayPal,Cancelled
ORD00881,CUST0058,2024-01-21,PROD0091,Sneakers,Fashion,3,137.44,PayPal,Cancelled
ORD00882,CUST0206,2023-03-03,PROD0077,Blender,Home Appliances,1,678.83,Cash on Delivery,Pending
ORD00883,CUST0041,2024-11-25,PROD0160,Pen,Stationery,4,55.39,PayPal,Pending
ORD00884,CUST0125,2023-01-05,PROD0196,Pen,Stationery,3,924.57,Cash on Delivery,Pending
ORD00885,CUST0155,2025-06-24,PROD0068,Novel,Books,1,766.22,PayPal,Pending
ORD00886,CUST0061,2023-03-08,PROD0081,Blender,Home Appliances,3,937.59,Debit Card,Returned
ORD00887,CUST0042,2024-03-22,PROD0177,Pen,Stationery,3,946.16,UPI,Returned
ORD00888,CUST0193,2024-10-06,PROD0176,Sneakers,Fashion,3,516.63,PayPal,Returned
ORD00889,CUST0077,2023-04-24,PROD0121,Jeans,Fashion,5,53.83,Debit Card,Shipped
ORD00890,CUST0299,2025-02-10,PROD0031,Refrigerator,Home Appliances,4,426.18,UPI,Cancelled
ORD00891,CUST0086,2024-09-20,PROD0199,Pen,Stationery,4,195.24,Credit Card,Pending
ORD00892,CUST0132,2024-03-16,PROD0173,Pen,Stationery,3,128.75,PayPal,Delivered
ORD00893,CUST0281,2024-05-15,PROD0187,Laptop,Electronics,1,491.4,Debit Card,Shipped
ORD00894,CUST0125,2023-11-14,PROD0019,Laptop,Electronics,5,606.7,Cash on Delivery,Pending
ORD00895,CUST0169,2023-09-09,PROD0075,Notebook,Stationery,1,694.3,PayPal,Delivered
ORD00896,CUST0053,2025-04-09,PROD0045,T-shirt,Fashion,3,91.01,UPI,Delivered
ORD00897,CUST0046,2023-12-14,PROD0044,Notebook,Stationery,2,783.14,Credit Card,Returned
ORD00898,CUST0285,2024-10-16,PROD0046,Laptop,Electronics,4,119.51,UPI,Pending
ORD00899,CUST0077,2023-03-18,PROD0111,Laptop,Electronics,5,724.91,UPI,Pending
ORD00900,CUST0038,2025-05-01,PROD0149,Smartphone,Electronics,2,881.78,Credit Card,Cancelled
ORD00901,CUST0010,2025-06-20,PROD0091,Pen,Stationery,4,112.72,UPI,Shipped
ORD00902,CUST0043,2025-03-10,PROD0082,T-shirt,Fashion,1,413.95,UPI,Delivered
ORD00903,CUST0223,2023-10-25,PROD0183,Sneakers,Fashion,3,727.47,Cash on Delivery,Returned
ORD00904,CUST0067,2024-07-07,PROD0148,Microwave,Home Appliances,1,679.76,UPI,Shipped
ORD00905,CUST0174,2025-06-15,PROD0181,Notebook,Stationery,3,616.22,Cash on Delivery,Returned
ORD00906,CUST0280,2023-05-10,PROD0167,T-shirt,Fashion,4,70.63,Cash on Delivery,Returned
ORD00907,CUST0114,2024-08-28,PROD0046,Smartphone,Electronics,4,393.01,Credit Card,Shipped
ORD00908,CUST0191,2024-08-09,PROD0120,Notebook,Stationery,2,595.33,Debit Card,Pending
ORD00909,CUST0286,2025-01-15,PROD0132,Microwave,Home Appliances,1,129.49,UPI,Cancelled
ORD00910,CUST0031,2023-05-06,PROD0182,T-shirt,Fashion,5,883.02,Credit Card,Cancelled
ORD00911,CUST0190,2024-05-15,PROD0157,Laptop,Electronics,5,353.98,Credit Card,Pending
ORD00912,CUST0022,2025-03-04,PROD0002,Headphones,Electronics,4,724.59,Debit Card,Shipped
ORD00913,CUST0040,2023-06-01,PROD0184,Microwave,Home Appliances,5,794.26,PayPal,Pending
ORD00914,CUST0250,2023-10-23,PROD0112,Pen,Stationery,5,861.86,Debit Card,Returned
ORD00915,CUST0071,2023-01-12,PROD0091,Blender,Home Appliances,1,566.58,UPI,Shipped
ORD00916,CUST0254,2024-12-28,PROD0079,Smartphone,Electronics,5,231.12,Debit Card,Delivered
ORD00917,CUST0001,2024-10-23,PROD0067,Jeans,Fashion,5,964.89,Credit Card,Returned
ORD00918,CUST0083,2023-10-12,PROD0019,Microwave,Home Appliances,5,115.6,UPI,Pending
ORD00919,CUST0220,2024-05-09,PROD0193,Blender,Home Appliances,2,714.44,Cash on Delivery,Cancelled
ORD00920,CUST0167,2025-02-07,PROD0003,Smartphone,Electronics,5,123.35,PayPal,Shipped
ORD00921,CUST0043,2024-06-11,PROD0069,Novel,Books,5,37.39,Credit Card,Delivered
ORD00922,CUST0221,2023-07-02,PROD0024,T-shirt,Fashion,3,671.35,Cash on Delivery,Pending
ORD00923,CUST0130,2024-08-31,PROD0120,Pen,Stationery,3,196.91,Credit Card,Delivered
ORD00924,CUST0276,2025-01-14,PROD0193,Blender,Home Appliances,4,248.36,Cash on Delivery,Pending
ORD00925,CUST0137,2023-10-22,PROD0164,Headphones,Electronics,3,987.78,Debit Card,Shipped
ORD00926,CUST0208,2024-09-03,PROD0172,Novel,Books,3,726.14,Debit Card,Shipped
ORD00927,CUST0217,2025-05-20,PROD0054,Novel,Books,1,923.06,UPI,Cancelled
ORD00928,CUST0129,2024-11-04,PROD0171,Pen,Stationery,3,111.21,Cash on Delivery,Returned
ORD00929,CUST0128,2023-04-19,PROD0083,Microwave,Home Appliances,3,957.28,UPI,Delivered
ORD00930,CUST0015,2024-07-12,PROD0173,Blender,Home Appliances,5,777.26,Credit Card,Cancelled
ORD00931,CUST0075,2023-08-15,PROD0132,Smartphone,Electronics,3,423.14,Cash on Delivery,Returned
ORD00932,CUST0041,2023-03-28,PROD0072,Blender,Home Appliances,1,541.52,Cash on Delivery,Returned
ORD00933,CUST0179,2023-06-03,PROD0132,Headphones,Electronics,1,462.78,UPI,Returned
ORD00934,CUST0058,2024-04-15,PROD0185,Refrigerator,Home Appliances,3,416.7,PayPal,Delivered
ORD00935,CUST0175,2025-06-25,PROD0089,Novel,Books,3,369.48,Cash on Delivery,Pending
ORD00936,CUST0226,2023-11-01,PROD0133,Smartphone,Electronics,1,177.96,Cash on Delivery,Returned
ORD00937,CUST0097,2024-01-24,PROD0023,Pen,Stationery,1,196.8,Credit Card,Returned
ORD00938,CUST0004,2025-06-05,PROD0053,T-shirt,Fashion,2,974.7,UPI,Pending
ORD00939,CUST0249,2023-08-30,PROD0145,Microwave,Home Appliances,1,418.28,UPI,Delivered
ORD00940,CUST0091,2025-05-01,PROD0171,T-shirt,Fashion,3,334.31,UPI,Pending
ORD00941,CUST0101,2024-10-16,PROD0031,Microwave,Home Appliances,4,666.05,Cash on Delivery,Pending
ORD00942,CUST0041,2024-01-28,PROD0165,Laptop,Electronics,3,486.65,PayPal,Shipped
ORD00943,CUST0064,2024-11-25,PROD0065,Pen,Stationery,3,84.75,PayPal,Delivered
ORD00944,CUST0092,2023-05-19,PROD0027,Blender,Home Appliances,2,537.16,Debit Card,Delivered
ORD00945,CUST0129,2023-01-06,PROD0077,Headphones,Electronics,4,699.32,UPI,Pending
ORD00946,CUST0161,2023-07-08,PROD0109,Headphones,Electronics,5,974.79,Cash on Delivery,Returned
ORD00947,CUST0159,2024-05-14,PROD0084,Novel,Books,3,399.41,UPI,Returned
ORD00948,CUST0119,2023-02-26,PROD0039,Notebook,Stationery,3,264.17,Debit Card,Shipped
ORD00949,CUST0006,2023-02-20,PROD0115,T-shirt,Fashion,2,21.0,Cash on Delivery,Delivered
ORD00950,CUST0294,2023-08-31,PROD0136,Jeans,Fashion,1,512.29,PayPal,Returned
ORD00951,CUST0016,2024-04-19,PROD0107,Jeans,Fashion,4,746.82,UPI,Returned
ORD00952,CUST0206,2025-03-02,PROD0123,Headphones,Electronics,5,110.14,UPI,Cancelled
ORD00953,CUST0156,2023-10-21,PROD0168,Jeans,Fashion,5,988.55,UPI,Cancelled
ORD00954,CUST0150,2024-01-02,PROD0078,Laptop,Electronics,2,112.38,Debit Card,Shipped
ORD00955,CUST0264,2023-02-12,PROD0032,Microwave,Home Appliances,1,13.16,UPI,Shipped
ORD00956,CUST0119,2024-01-26,PROD0155,Microwave,Home Appliances,4,940.04,Cash on Delivery,Pending
ORD00957,CUST0116,2024-02-01,PROD0180,Refrigerator,Home Appliances,2,577.25,PayPal,Cancelled
ORD00958,CUST0260,2023-02-16,PROD0193,Pen,Stationery,5,290.97,PayPal,Returned
ORD00959,CUST0081,2023-06-03,PROD0118,T-shirt,Fashion,4,938.74,UPI,Shipped
ORD00960,CUST0149,2025-07-14,PROD0004,Blender,Home Appliances,3,88.61,Credit Card,Pending
ORD00961,CUST0125,2024-04-01,PROD0050,Smartphone,Electronics,5,432.87,Cash on Delivery,Delivered
ORD00962,CUST0279,2025-07-26,PROD0045,Jeans,Fashion,5,847.07,PayPal,Shipped
ORD00963,CUST0142,2023-11-17,PROD0159,Refrigerator,Home Appliances,1,759.49,Credit Card,Delivered
ORD00964,CUST0223,2025-07-10,PROD0085,Microwave,Home Appliances,5,283.96,Credit Card,Returned
ORD00965,CUST0075,2025-05-17,PROD0042,Notebook,Stationery,2,740.08,UPI,Delivered
ORD00966,CUST0092,2023-04-14,PROD0186,Blender,Home Appliances,1,114.67,Cash on Delivery,Delivered
ORD00967,CUST0176,2025-03-27,PROD0083,Microwave,Home Appliances,1,492.24,UPI,Cancelled
ORD00968,CUST0298,2024-12-25,PROD0007,Jeans,Fashion,1,761.32,Credit Card,Shipped
ORD00969,CUST0115,2025-05-02,PROD0189,Sneakers,Fashion,3,416.74,Cash on Delivery,Returned
ORD00970,CUST0168,2025-07-27,PROD0080,Blender,Home Appliances,4,752.2,Cash on Delivery,Delivered
ORD00971,CUST0187,2025-03-22,PROD0075,Sneakers,Fashion,1,995.59,Debit Card,Shipped
ORD00972,CUST0221,2024-07-01,PROD0136,Blender,Home Appliances,3,766.63,UPI,Shipped
ORD00973,CUST0217,2024-04-27,PROD0012,Microwave,Home Appliances,3,561.97,PayPal,Shipped
ORD00974,CUST0123,2024-05-28,PROD0008,T-shirt,Fashion,5,718.85,Credit Card,Cancelled
ORD00975,CUST0001,2023-07-10,PROD0152,Jeans,Fashion,4,437.56,UPI,Shipped
ORD00976,CUST0019,2023-11-13,PROD0032,Sneakers,Fashion,5,976.29,Credit Card,Cancelled
ORD00977,CUST0051,2023-06-07,PROD0109,Jeans,Fashion,5,509.35,Credit Card,Returned
ORD00978,CUST0094,2024-03-08,PROD0042,Jeans,Fashion,5,434.36,Debit Card,Delivered
ORD00979,CUST0138,2023-02-24,PROD0075,Laptop,Electronics,4,566.41,Credit Card,Pending
ORD00980,CUST0083,2023-04-02,PROD0065,Novel,Books,3,162.8,Credit Card,Delivered
ORD00981,CUST0200,2024-02-05,PROD0081,Pen,Stationery,2,342.09,PayPal,Cancelled
ORD00982,CUST0263,2023-04-22,PROD0139,Refrigerator,Home Appliances,3,309.63,Debit Card,Returned
ORD00983,CUST0200,2024-02-05,PROD0018,Pen,Stationery,1,344.88,UPI,Shipped
ORD00984,CUST0054,2023-07-19,PROD0113,Sneakers,Fashion,3,57.22,PayPal,Shipped
ORD00985,CUST0182,2023-06-29,PROD0173,Notebook,Stationery,3,150.92,Cash on Delivery,Shipped
ORD00986,CUST0241,2024-06-13,PROD0183,Laptop,Electronics,3,680.01,UPI,Delivered
ORD00987,CUST0015,2023-03-23,PROD0023,Sneakers,Fashion,5,853.69,Cash on Delivery,Pending
ORD00988,CUST0191,2023-03-29,PROD0081,Jeans,Fashion,3,557.27,Credit Card,Returned
ORD00989,CUST0127,2025-01-02,PROD0016,Notebook,Stationery,5,754.59,PayPal,Delivered
ORD00990,CUST0163,2024-07-21,PROD0125,Pen,Stationery,1,795.05,Credit Card,Shipped
ORD00991,CUST0105,2024-11-24,PROD0165,Headphones,Electronics,1,301.36,Credit Card,Delivered
ORD00992,CUST0147,2024-03-06,PROD0024,Blender,Home Appliances,1,166.65,Credit Card,Shipped
ORD00993,CUST0072,2024-01-18,PROD0086,Notebook,Stationery,3,621.69,UPI,Pending
ORD00994,CUST0067,2023-11-02,PROD0163,Refrigerator,Home Appliances,3,313.97,Cash on Delivery,Pending
ORD00995,CUST0021,2024-03-14,PROD0126,Pen,Stationery,1,652.91,Cash on Delivery,Cancelled
ORD00996,CUST0109,2024-04-12,PROD0026,Pen,Stationery,2,444.63,Credit Card,Delivered
ORD00997,CUST0084,2024-06-07,PROD0012,Sneakers,Fashion,2,35.99,Debit Card,Delivered
ORD00998,CUST0106,2025-01-18,PROD0075,Jeans,Fashion,1,272.55,Debit Card,Delivered
ORD00999,CUST0001,2024-01-28,PROD0152,Headphones,Electronics,2,152.04,UPI,Delivered
ORD01000,CUST0154,2023-05-20,PROD0112,Refrigerator,Home Appliances,5,497.53,PayPal,Cancelled
